station,station_id,date,discharge_m3s
Mogami_302111282214010,302111282214010,1980-01-01,184.5
Mogami_302111282214010,302111282214010,1980-01-02,151.59
Mogami_302111282214010,302111282214010,1980-01-03,143.52
Mogami_302111282214010,302111282214010,1980-01-04,143.79
Mogami_302111282214010,302111282214010,1980-01-05,145.59
Mogami_302111282214010,302111282214010,1980-01-06,142.78
Mogami_302111282214010,302111282214010,1980-01-07,243.2
Mogami_302111282214010,302111282214010,1980-01-08,199.88
Mogami_302111282214010,302111282214010,1980-01-09,170.77
Mogami_302111282214010,302111282214010,1980-01-10,146.99
Mogami_302111282214010,302111282214010,1980-01-11,136.02
Mogami_302111282214010,302111282214010,1980-01-12,126.38
Mogami_302111282214010,302111282214010,1980-01-13,116.57
Mogami_302111282214010,302111282214010,1980-01-14,111.51
Mogami_302111282214010,302111282214010,1980-01-15,113.17
Mogami_302111282214010,302111282214010,1980-01-16,108.97
Mogami_302111282214010,302111282214010,1980-01-17,107.86
Mogami_302111282214010,302111282214010,1980-01-18,103.03
Mogami_302111282214010,302111282214010,1980-01-19,107.58
Mogami_302111282214010,302111282214010,1980-01-20,102.94
Mogami_302111282214010,302111282214010,1980-01-21,104.52
Mogami_302111282214010,302111282214010,1980-01-22,106.67
Mogami_302111282214010,302111282214010,1980-01-23,104.38
Mogami_302111282214010,302111282214010,1980-01-24,110.16
Mogami_302111282214010,302111282214010,1980-01-25,103.28
Mogami_302111282214010,302111282214010,1980-01-26,104.94
Mogami_302111282214010,302111282214010,1980-01-27,93.35
Mogami_302111282214010,302111282214010,1980-01-28,97.42
Mogami_302111282214010,302111282214010,1980-01-29,110.81
Mogami_302111282214010,302111282214010,1980-01-30,139.16
Mogami_302111282214010,302111282214010,1980-01-31,194.85
Mogami_302111282214010,302111282214010,1980-02-01,194.9
Mogami_302111282214010,302111282214010,1980-02-02,163.32
Mogami_302111282214010,302111282214010,1980-02-03,145.67
Mogami_302111282214010,302111282214010,1980-02-04,140.78
Mogami_302111282214010,302111282214010,1980-02-05,135.92
Mogami_302111282214010,302111282214010,1980-02-06,131.04
Mogami_302111282214010,302111282214010,1980-02-07,124.09
Mogami_302111282214010,302111282214010,1980-02-08,115.61
Mogami_302111282214010,302111282214010,1980-02-09,112.51
Mogami_302111282214010,302111282214010,1980-02-10,109.34
Mogami_302111282214010,302111282214010,1980-02-11,108.83
Mogami_302111282214010,302111282214010,1980-02-12,108.27
Mogami_302111282214010,302111282214010,1980-02-13,105.34
Mogami_302111282214010,302111282214010,1980-02-14,103.49
Mogami_302111282214010,302111282214010,1980-02-15,103.69
Mogami_302111282214010,302111282214010,1980-02-16,101.98
Mogami_302111282214010,302111282214010,1980-02-17,99.35
Mogami_302111282214010,302111282214010,1980-02-18,98.81
Mogami_302111282214010,302111282214010,1980-02-19,95.63
Mogami_302111282214010,302111282214010,1980-02-20,96.62
Mogami_302111282214010,302111282214010,1980-02-21,93.86
Mogami_302111282214010,302111282214010,1980-02-22,98.41
Mogami_302111282214010,302111282214010,1980-02-23,94.85
Mogami_302111282214010,302111282214010,1980-02-24,96.43
Mogami_302111282214010,302111282214010,1980-02-25,102.96
Mogami_302111282214010,302111282214010,1980-02-26,104.25
Mogami_302111282214010,302111282214010,1980-02-27,104.52
Mogami_302111282214010,302111282214010,1980-02-28,125.01
Mogami_302111282214010,302111282214010,1980-02-29,131.62
Mogami_302111282214010,302111282214010,1980-03-01,146.8
Mogami_302111282214010,302111282214010,1980-03-02,151.38
Mogami_302111282214010,302111282214010,1980-03-03,145.88
Mogami_302111282214010,302111282214010,1980-03-04,148.95
Mogami_302111282214010,302111282214010,1980-03-05,147.44
Mogami_302111282214010,302111282214010,1980-03-06,146.81
Mogami_302111282214010,302111282214010,1980-03-07,152.72
Mogami_302111282214010,302111282214010,1980-03-08,199.95
Mogami_302111282214010,302111282214010,1980-03-09,208.79
Mogami_302111282214010,302111282214010,1980-03-10,376.4
Mogami_302111282214010,302111282214010,1980-03-11,477.34
Mogami_302111282214010,302111282214010,1980-03-12,295.27
Mogami_302111282214010,302111282214010,1980-03-13,204.93
Mogami_302111282214010,302111282214010,1980-03-14,180.27
Mogami_302111282214010,302111282214010,1980-03-15,155.06
Mogami_302111282214010,302111282214010,1980-03-16,152.67
Mogami_302111282214010,302111282214010,1980-03-17,169.3
Mogami_302111282214010,302111282214010,1980-03-18,200.72
Mogami_302111282214010,302111282214010,1980-03-19,175.31
Mogami_302111282214010,302111282214010,1980-03-20,187.95
Mogami_302111282214010,302111282214010,1980-03-21,226.22
Mogami_302111282214010,302111282214010,1980-03-22,239.69
Mogami_302111282214010,302111282214010,1980-03-23,209.3
Mogami_302111282214010,302111282214010,1980-03-24,179.1
Mogami_302111282214010,302111282214010,1980-03-25,166.59
Mogami_302111282214010,302111282214010,1980-03-26,195.82
Mogami_302111282214010,302111282214010,1980-03-27,252.71
Mogami_302111282214010,302111282214010,1980-03-28,256.48
Mogami_302111282214010,302111282214010,1980-03-29,334.67
Mogami_302111282214010,302111282214010,1980-03-30,1096.22
Mogami_302111282214010,302111282214010,1980-03-31,1245.28
Mogami_302111282214010,302111282214010,1980-04-01,1156.83
Mogami_302111282214010,302111282214010,1980-04-02,952.01
Mogami_302111282214010,302111282214010,1980-04-03,663.63
Mogami_302111282214010,302111282214010,1980-04-04,573.86
Mogami_302111282214010,302111282214010,1980-04-05,681.84
Mogami_302111282214010,302111282214010,1980-04-06,1116.2
Mogami_302111282214010,302111282214010,1980-04-07,1771.83
Mogami_302111282214010,302111282214010,1980-04-08,1017.78
Mogami_302111282214010,302111282214010,1980-04-09,838.11
Mogami_302111282214010,302111282214010,1980-04-10,749.97
Mogami_302111282214010,302111282214010,1980-04-11,643.39
Mogami_302111282214010,302111282214010,1980-04-12,665.89
Mogami_302111282214010,302111282214010,1980-04-13,898.65
Mogami_302111282214010,302111282214010,1980-04-14,1144.42
Mogami_302111282214010,302111282214010,1980-04-15,1006.75
Mogami_302111282214010,302111282214010,1980-04-16,623.32
Mogami_302111282214010,302111282214010,1980-04-17,550.09
Mogami_302111282214010,302111282214010,1980-04-18,447.43
Mogami_302111282214010,302111282214010,1980-04-19,433.4
Mogami_302111282214010,302111282214010,1980-04-20,522.47
Mogami_302111282214010,302111282214010,1980-04-21,700.39
Mogami_302111282214010,302111282214010,1980-04-22,621.28
Mogami_302111282214010,302111282214010,1980-04-23,552.2
Mogami_302111282214010,302111282214010,1980-04-24,517.29
Mogami_302111282214010,302111282214010,1980-04-25,447.45
Mogami_302111282214010,302111282214010,1980-04-26,428.03
Mogami_302111282214010,302111282214010,1980-04-27,428.01
Mogami_302111282214010,302111282214010,1980-04-28,587.52
Mogami_302111282214010,302111282214010,1980-04-29,686.11
Mogami_302111282214010,302111282214010,1980-04-30,476.89
Mogami_302111282214010,302111282214010,1980-05-01,461.31
Mogami_302111282214010,302111282214010,1980-05-02,473.36
Mogami_302111282214010,302111282214010,1980-05-03,389.65
Mogami_302111282214010,302111282214010,1980-05-04,475.11
Mogami_302111282214010,302111282214010,1980-05-05,647.08
Mogami_302111282214010,302111282214010,1980-05-06,504.38
Mogami_302111282214010,302111282214010,1980-05-07,440.7
Mogami_302111282214010,302111282214010,1980-05-08,355.85
Mogami_302111282214010,302111282214010,1980-05-09,391.99
Mogami_302111282214010,302111282214010,1980-05-10,427.93
Mogami_302111282214010,302111282214010,1980-05-11,366.67
Mogami_302111282214010,302111282214010,1980-05-12,350.01
Mogami_302111282214010,302111282214010,1980-05-13,370.07
Mogami_302111282214010,302111282214010,1980-05-14,412.86
Mogami_302111282214010,302111282214010,1980-05-15,409.03
Mogami_302111282214010,302111282214010,1980-05-16,472.51
Mogami_302111282214010,302111282214010,1980-05-17,255.55
Mogami_302111282214010,302111282214010,1980-05-18,220.82
Mogami_302111282214010,302111282214010,1980-05-19,201.42
Mogami_302111282214010,302111282214010,1980-05-20,210.18
Mogami_302111282214010,302111282214010,1980-05-21,248.55
Mogami_302111282214010,302111282214010,1980-05-22,733.29
Mogami_302111282214010,302111282214010,1980-05-23,443.51
Mogami_302111282214010,302111282214010,1980-05-24,279.81
Mogami_302111282214010,302111282214010,1980-05-25,239.34
Mogami_302111282214010,302111282214010,1980-05-26,579.84
Mogami_302111282214010,302111282214010,1980-05-27,536.0
Mogami_302111282214010,302111282214010,1980-05-28,266.31
Mogami_302111282214010,302111282214010,1980-05-29,217.39
Mogami_302111282214010,302111282214010,1980-05-30,207.32
Mogami_302111282214010,302111282214010,1980-05-31,195.05
Mogami_302111282214010,302111282214010,1980-06-01,182.66
Mogami_302111282214010,302111282214010,1980-06-02,175.63
Mogami_302111282214010,302111282214010,1980-06-03,169.03
Mogami_302111282214010,302111282214010,1980-06-04,142.74
Mogami_302111282214010,302111282214010,1980-06-05,128.07
Mogami_302111282214010,302111282214010,1980-06-06,119.27
Mogami_302111282214010,302111282214010,1980-06-07,115.34
Mogami_302111282214010,302111282214010,1980-06-08,120.68
Mogami_302111282214010,302111282214010,1980-06-09,167.92
Mogami_302111282214010,302111282214010,1980-06-10,260.0
Mogami_302111282214010,302111282214010,1980-06-11,136.6
Mogami_302111282214010,302111282214010,1980-06-12,107.67
Mogami_302111282214010,302111282214010,1980-06-13,92.03
Mogami_302111282214010,302111282214010,1980-06-14,82.32
Mogami_302111282214010,302111282214010,1980-06-15,79.94
Mogami_302111282214010,302111282214010,1980-06-16,71.27
Mogami_302111282214010,302111282214010,1980-06-17,166.21
Mogami_302111282214010,302111282214010,1980-06-18,495.49
Mogami_302111282214010,302111282214010,1980-06-19,188.54
Mogami_302111282214010,302111282214010,1980-06-20,103.56
Mogami_302111282214010,302111282214010,1980-06-21,99.49
Mogami_302111282214010,302111282214010,1980-06-22,105.07
Mogami_302111282214010,302111282214010,1980-06-23,84.36
Mogami_302111282214010,302111282214010,1980-06-24,70.62
Mogami_302111282214010,302111282214010,1980-06-25,61.91
Mogami_302111282214010,302111282214010,1980-06-26,73.49
Mogami_302111282214010,302111282214010,1980-06-27,440.88
Mogami_302111282214010,302111282214010,1980-06-28,231.7
Mogami_302111282214010,302111282214010,1980-06-29,152.43
Mogami_302111282214010,302111282214010,1980-06-30,112.23
Mogami_302111282214010,302111282214010,1980-07-01,90.02
Mogami_302111282214010,302111282214010,1980-07-02,76.78
Mogami_302111282214010,302111282214010,1980-07-03,98.38
Mogami_302111282214010,302111282214010,1980-07-04,109.57
Mogami_302111282214010,302111282214010,1980-07-05,84.19
Mogami_302111282214010,302111282214010,1980-07-06,76.13
Mogami_302111282214010,302111282214010,1980-07-07,333.16
Mogami_302111282214010,302111282214010,1980-07-08,451.02
Mogami_302111282214010,302111282214010,1980-07-09,313.98
Mogami_302111282214010,302111282214010,1980-07-10,193.37
Mogami_302111282214010,302111282214010,1980-07-11,141.28
Mogami_302111282214010,302111282214010,1980-07-12,845.96
Mogami_302111282214010,302111282214010,1980-07-13,744.03
Mogami_302111282214010,302111282214010,1980-07-14,350.24
Mogami_302111282214010,302111282214010,1980-07-15,1137.62
Mogami_302111282214010,302111282214010,1980-07-16,800.81
Mogami_302111282214010,302111282214010,1980-07-17,604.5
Mogami_302111282214010,302111282214010,1980-07-18,375.48
Mogami_302111282214010,302111282214010,1980-07-19,322.4
Mogami_302111282214010,302111282214010,1980-07-20,244.71
Mogami_302111282214010,302111282214010,1980-07-21,186.53
Mogami_302111282214010,302111282214010,1980-07-22,157.07
Mogami_302111282214010,302111282214010,1980-07-23,158.01
Mogami_302111282214010,302111282214010,1980-07-24,324.17
Mogami_302111282214010,302111282214010,1980-07-25,553.34
Mogami_302111282214010,302111282214010,1980-07-26,480.68
Mogami_302111282214010,302111282214010,1980-07-27,299.7
Mogami_302111282214010,302111282214010,1980-07-28,361.28
Mogami_302111282214010,302111282214010,1980-07-29,570.75
Mogami_302111282214010,302111282214010,1980-07-30,431.15
Mogami_302111282214010,302111282214010,1980-07-31,774.14
Mogami_302111282214010,302111282214010,1980-08-01,625.39
Mogami_302111282214010,302111282214010,1980-08-02,367.84
Mogami_302111282214010,302111282214010,1980-08-03,267.14
Mogami_302111282214010,302111282214010,1980-08-04,210.26
Mogami_302111282214010,302111282214010,1980-08-05,195.88
Mogami_302111282214010,302111282214010,1980-08-06,151.24
Mogami_302111282214010,302111282214010,1980-08-07,124.64
Mogami_302111282214010,302111282214010,1980-08-08,104.14
Mogami_302111282214010,302111282214010,1980-08-09,90.56
Mogami_302111282214010,302111282214010,1980-08-10,81.74
Mogami_302111282214010,302111282214010,1980-08-11,74.79
Mogami_302111282214010,302111282214010,1980-08-12,72.08
Mogami_302111282214010,302111282214010,1980-08-13,69.35
Mogami_302111282214010,302111282214010,1980-08-14,69.32
Mogami_302111282214010,302111282214010,1980-08-15,158.12
Mogami_302111282214010,302111282214010,1980-08-16,518.03
Mogami_302111282214010,302111282214010,1980-08-17,749.1
Mogami_302111282214010,302111282214010,1980-08-18,328.39
Mogami_302111282214010,302111282214010,1980-08-19,231.2
Mogami_302111282214010,302111282214010,1980-08-20,188.88
Mogami_302111282214010,302111282214010,1980-08-21,145.4
Mogami_302111282214010,302111282214010,1980-08-22,128.7
Mogami_302111282214010,302111282214010,1980-08-23,239.68
Mogami_302111282214010,302111282214010,1980-08-24,249.32
Mogami_302111282214010,302111282214010,1980-08-25,174.66
Mogami_302111282214010,302111282214010,1980-08-26,191.55
Mogami_302111282214010,302111282214010,1980-08-27,1483.83
Mogami_302111282214010,302111282214010,1980-08-28,1155.64
Mogami_302111282214010,302111282214010,1980-08-29,568.2
Mogami_302111282214010,302111282214010,1980-08-30,478.5
Mogami_302111282214010,302111282214010,1980-08-31,562.66
Mogami_302111282214010,302111282214010,1980-09-01,364.45
Mogami_302111282214010,302111282214010,1980-09-02,288.03
Mogami_302111282214010,302111282214010,1980-09-03,250.41
Mogami_302111282214010,302111282214010,1980-09-04,218.23
Mogami_302111282214010,302111282214010,1980-09-05,206.09
Mogami_302111282214010,302111282214010,1980-09-06,179.47
Mogami_302111282214010,302111282214010,1980-09-07,172.77
Mogami_302111282214010,302111282214010,1980-09-08,304.36
Mogami_302111282214010,302111282214010,1980-09-09,307.3
Mogami_302111282214010,302111282214010,1980-09-10,232.09
Mogami_302111282214010,302111282214010,1980-09-11,203.55
Mogami_302111282214010,302111282214010,1980-09-12,171.36
Mogami_302111282214010,302111282214010,1980-09-13,154.17
Mogami_302111282214010,302111282214010,1980-09-14,137.44
Mogami_302111282214010,302111282214010,1980-09-15,109.02
Mogami_302111282214010,302111282214010,1980-09-16,108.38
Mogami_302111282214010,302111282214010,1980-09-17,101.27
Mogami_302111282214010,302111282214010,1980-09-18,95.27
Mogami_302111282214010,302111282214010,1980-09-19,88.78
Mogami_302111282214010,302111282214010,1980-09-20,86.94
Mogami_302111282214010,302111282214010,1980-09-21,84.07
Mogami_302111282214010,302111282214010,1980-09-22,77.32
Mogami_302111282214010,302111282214010,1980-09-23,73.46
Mogami_302111282214010,302111282214010,1980-09-24,69.29
Mogami_302111282214010,302111282214010,1980-09-25,69.2
Mogami_302111282214010,302111282214010,1980-09-26,65.82
Mogami_302111282214010,302111282214010,1980-09-27,60.49
Mogami_302111282214010,302111282214010,1980-09-28,65.04
Mogami_302111282214010,302111282214010,1980-09-29,61.45
Mogami_302111282214010,302111282214010,1980-09-30,57.17
Mogami_302111282214010,302111282214010,1980-10-01,56.7
Mogami_302111282214010,302111282214010,1980-10-02,54.49
Mogami_302111282214010,302111282214010,1980-10-03,54.61
Mogami_302111282214010,302111282214010,1980-10-04,52.89
Mogami_302111282214010,302111282214010,1980-10-05,49.13
Mogami_302111282214010,302111282214010,1980-10-06,48.33
Mogami_302111282214010,302111282214010,1980-10-07,66.02
Mogami_302111282214010,302111282214010,1980-10-08,82.34
Mogami_302111282214010,302111282214010,1980-10-09,61.54
Mogami_302111282214010,302111282214010,1980-10-10,55.58
Mogami_302111282214010,302111282214010,1980-10-11,51.52
Mogami_302111282214010,302111282214010,1980-10-12,45.21
Mogami_302111282214010,302111282214010,1980-10-13,48.27
Mogami_302111282214010,302111282214010,1980-10-14,124.33
Mogami_302111282214010,302111282214010,1980-10-15,87.29
Mogami_302111282214010,302111282214010,1980-10-16,54.7
Mogami_302111282214010,302111282214010,1980-10-17,49.88
Mogami_302111282214010,302111282214010,1980-10-18,54.34
Mogami_302111282214010,302111282214010,1980-10-19,53.91
Mogami_302111282214010,302111282214010,1980-10-20,135.59
Mogami_302111282214010,302111282214010,1980-10-21,157.01
Mogami_302111282214010,302111282214010,1980-10-22,158.77
Mogami_302111282214010,302111282214010,1980-10-23,138.61
Mogami_302111282214010,302111282214010,1980-10-24,106.81
Mogami_302111282214010,302111282214010,1980-10-25,152.13
Mogami_302111282214010,302111282214010,1980-10-26,280.3
Mogami_302111282214010,302111282214010,1980-10-27,607.23
Mogami_302111282214010,302111282214010,1980-10-28,780.06
Mogami_302111282214010,302111282214010,1980-10-29,447.07
Mogami_302111282214010,302111282214010,1980-10-30,305.61
Mogami_302111282214010,302111282214010,1980-10-31,263.35
Mogami_302111282214010,302111282214010,1980-11-01,370.52
Mogami_302111282214010,302111282214010,1980-11-02,261.82
Mogami_302111282214010,302111282214010,1980-11-03,216.08
Mogami_302111282214010,302111282214010,1980-11-04,184.34
Mogami_302111282214010,302111282214010,1980-11-05,163.97
Mogami_302111282214010,302111282214010,1980-11-06,167.64
Mogami_302111282214010,302111282214010,1980-11-07,164.83
Mogami_302111282214010,302111282214010,1980-11-08,172.52
Mogami_302111282214010,302111282214010,1980-11-09,154.41
Mogami_302111282214010,302111282214010,1980-11-10,155.86
Mogami_302111282214010,302111282214010,1980-11-11,134.87
Mogami_302111282214010,302111282214010,1980-11-12,122.66
Mogami_302111282214010,302111282214010,1980-11-13,119.59
Mogami_302111282214010,302111282214010,1980-11-14,150.99
Mogami_302111282214010,302111282214010,1980-11-15,183.15
Mogami_302111282214010,302111282214010,1980-11-16,160.12
Mogami_302111282214010,302111282214010,1980-11-17,127.62
Mogami_302111282214010,302111282214010,1980-11-18,113.4
Mogami_302111282214010,302111282214010,1980-11-19,107.14
Mogami_302111282214010,302111282214010,1980-11-20,103.09
Mogami_302111282214010,302111282214010,1980-11-21,96.75
Mogami_302111282214010,302111282214010,1980-11-22,133.63
Mogami_302111282214010,302111282214010,1980-11-23,190.57
Mogami_302111282214010,302111282214010,1980-11-24,163.32
Mogami_302111282214010,302111282214010,1980-11-25,159.15
Mogami_302111282214010,302111282214010,1980-11-26,188.78
Mogami_302111282214010,302111282214010,1980-11-27,230.68
Mogami_302111282214010,302111282214010,1980-11-28,179.46
Mogami_302111282214010,302111282214010,1980-11-29,148.8
Mogami_302111282214010,302111282214010,1980-11-30,146.84
Mogami_302111282214010,302111282214010,1980-12-01,136.93
Mogami_302111282214010,302111282214010,1980-12-02,126.58
Mogami_302111282214010,302111282214010,1980-12-03,123.41
Mogami_302111282214010,302111282214010,1980-12-04,150.32
Mogami_302111282214010,302111282214010,1980-12-05,245.63
Mogami_302111282214010,302111282214010,1980-12-06,212.6
Mogami_302111282214010,302111282214010,1980-12-07,153.85
Mogami_302111282214010,302111282214010,1980-12-08,162.36
Mogami_302111282214010,302111282214010,1980-12-09,144.83
Mogami_302111282214010,302111282214010,1980-12-10,140.02
Mogami_302111282214010,302111282214010,1980-12-11,132.18
Mogami_302111282214010,302111282214010,1980-12-12,123.03
Mogami_302111282214010,302111282214010,1980-12-13,139.09
Mogami_302111282214010,302111282214010,1980-12-14,166.09
Mogami_302111282214010,302111282214010,1980-12-15,158.6
Mogami_302111282214010,302111282214010,1980-12-16,166.51
Mogami_302111282214010,302111282214010,1980-12-17,155.3
Mogami_302111282214010,302111282214010,1980-12-18,135.71
Mogami_302111282214010,302111282214010,1980-12-19,133.36
Mogami_302111282214010,302111282214010,1980-12-20,139.79
Mogami_302111282214010,302111282214010,1980-12-21,134.57
Mogami_302111282214010,302111282214010,1980-12-22,128.09
Mogami_302111282214010,302111282214010,1980-12-23,127.48
Mogami_302111282214010,302111282214010,1980-12-24,157.15
Mogami_302111282214010,302111282214010,1980-12-25,179.33
Mogami_302111282214010,302111282214010,1980-12-26,167.74
Mogami_302111282214010,302111282214010,1980-12-27,157.76
Mogami_302111282214010,302111282214010,1980-12-28,147.69
Mogami_302111282214010,302111282214010,1980-12-29,149.82
Mogami_302111282214010,302111282214010,1980-12-30,180.22
Mogami_302111282214010,302111282214010,1980-12-31,182.23
Mogami_302111282214010,302111282214010,1981-01-01,135.45
Mogami_302111282214010,302111282214010,1981-01-02,120.82
Mogami_302111282214010,302111282214010,1981-01-03,126.47
Mogami_302111282214010,302111282214010,1981-01-04,123.34
Mogami_302111282214010,302111282214010,1981-01-05,118.68
Mogami_302111282214010,302111282214010,1981-01-06,112.65
Mogami_302111282214010,302111282214010,1981-01-07,110.18
Mogami_302111282214010,302111282214010,1981-01-08,110.04
Mogami_302111282214010,302111282214010,1981-01-09,109.11
Mogami_302111282214010,302111282214010,1981-01-10,113.58
Mogami_302111282214010,302111282214010,1981-01-11,111.63
Mogami_302111282214010,302111282214010,1981-01-12,109.04
Mogami_302111282214010,302111282214010,1981-01-13,106.7
Mogami_302111282214010,302111282214010,1981-01-14,104.17
Mogami_302111282214010,302111282214010,1981-01-15,101.13
Mogami_302111282214010,302111282214010,1981-01-16,97.85
Mogami_302111282214010,302111282214010,1981-01-17,96.03
Mogami_302111282214010,302111282214010,1981-01-18,94.44
Mogami_302111282214010,302111282214010,1981-01-19,93.64
Mogami_302111282214010,302111282214010,1981-01-20,91.35
Mogami_302111282214010,302111282214010,1981-01-21,88.04
Mogami_302111282214010,302111282214010,1981-01-22,86.51
Mogami_302111282214010,302111282214010,1981-01-23,83.87
Mogami_302111282214010,302111282214010,1981-01-24,82.05
Mogami_302111282214010,302111282214010,1981-01-25,81.56
Mogami_302111282214010,302111282214010,1981-01-26,83.3
Mogami_302111282214010,302111282214010,1981-01-27,83.58
Mogami_302111282214010,302111282214010,1981-01-28,82.13
Mogami_302111282214010,302111282214010,1981-01-29,80.46
Mogami_302111282214010,302111282214010,1981-01-30,79.76
Mogami_302111282214010,302111282214010,1981-01-31,79.77
Mogami_302111282214010,302111282214010,1981-02-01,80.46
Mogami_302111282214010,302111282214010,1981-02-02,78.6
Mogami_302111282214010,302111282214010,1981-02-03,79.05
Mogami_302111282214010,302111282214010,1981-02-04,78.0
Mogami_302111282214010,302111282214010,1981-02-05,80.14
Mogami_302111282214010,302111282214010,1981-02-06,78.68
Mogami_302111282214010,302111282214010,1981-02-07,76.99
Mogami_302111282214010,302111282214010,1981-02-08,77.91
Mogami_302111282214010,302111282214010,1981-02-09,78.71
Mogami_302111282214010,302111282214010,1981-02-10,77.48
Mogami_302111282214010,302111282214010,1981-02-11,80.7
Mogami_302111282214010,302111282214010,1981-02-12,79.12
Mogami_302111282214010,302111282214010,1981-02-13,81.43
Mogami_302111282214010,302111282214010,1981-02-14,82.77
Mogami_302111282214010,302111282214010,1981-02-15,91.25
Mogami_302111282214010,302111282214010,1981-02-16,104.18
Mogami_302111282214010,302111282214010,1981-02-17,150.71
Mogami_302111282214010,302111282214010,1981-02-18,130.98
Mogami_302111282214010,302111282214010,1981-02-19,132.61
Mogami_302111282214010,302111282214010,1981-02-20,131.44
Mogami_302111282214010,302111282214010,1981-02-21,117.95
Mogami_302111282214010,302111282214010,1981-02-22,108.77
Mogami_302111282214010,302111282214010,1981-02-23,109.37
Mogami_302111282214010,302111282214010,1981-02-24,104.21
Mogami_302111282214010,302111282214010,1981-02-25,83.29
Mogami_302111282214010,302111282214010,1981-02-26,82.73
Mogami_302111282214010,302111282214010,1981-02-27,81.47
Mogami_302111282214010,302111282214010,1981-02-28,79.24
Mogami_302111282214010,302111282214010,1981-03-01,77.19
Mogami_302111282214010,302111282214010,1981-03-02,75.96
Mogami_302111282214010,302111282214010,1981-03-03,76.32
Mogami_302111282214010,302111282214010,1981-03-04,77.79
Mogami_302111282214010,302111282214010,1981-03-05,83.1
Mogami_302111282214010,302111282214010,1981-03-06,103.16
Mogami_302111282214010,302111282214010,1981-03-07,100.5
Mogami_302111282214010,302111282214010,1981-03-08,109.7
Mogami_302111282214010,302111282214010,1981-03-09,117.12
Mogami_302111282214010,302111282214010,1981-03-10,112.21
Mogami_302111282214010,302111282214010,1981-03-11,110.34
Mogami_302111282214010,302111282214010,1981-03-12,107.15
Mogami_302111282214010,302111282214010,1981-03-13,127.86
Mogami_302111282214010,302111282214010,1981-03-14,225.34
Mogami_302111282214010,302111282214010,1981-03-15,495.01
Mogami_302111282214010,302111282214010,1981-03-16,623.5
Mogami_302111282214010,302111282214010,1981-03-17,331.38
Mogami_302111282214010,302111282214010,1981-03-18,266.73
Mogami_302111282214010,302111282214010,1981-03-19,349.06
Mogami_302111282214010,302111282214010,1981-03-20,491.53
Mogami_302111282214010,302111282214010,1981-03-21,616.56
Mogami_302111282214010,302111282214010,1981-03-22,648.96
Mogami_302111282214010,302111282214010,1981-03-23,981.58
Mogami_302111282214010,302111282214010,1981-03-24,723.99
Mogami_302111282214010,302111282214010,1981-03-25,654.6
Mogami_302111282214010,302111282214010,1981-03-26,863.03
Mogami_302111282214010,302111282214010,1981-03-27,1062.27
Mogami_302111282214010,302111282214010,1981-03-28,597.99
Mogami_302111282214010,302111282214010,1981-03-29,513.65
Mogami_302111282214010,302111282214010,1981-03-30,505.95
Mogami_302111282214010,302111282214010,1981-03-31,499.12
Mogami_302111282214010,302111282214010,1981-04-01,394.44
Mogami_302111282214010,302111282214010,1981-04-02,522.24
Mogami_302111282214010,302111282214010,1981-04-03,728.51
Mogami_302111282214010,302111282214010,1981-04-04,623.68
Mogami_302111282214010,302111282214010,1981-04-05,626.88
Mogami_302111282214010,302111282214010,1981-04-06,731.26
Mogami_302111282214010,302111282214010,1981-04-07,1014.34
Mogami_302111282214010,302111282214010,1981-04-08,960.77
Mogami_302111282214010,302111282214010,1981-04-09,794.04
Mogami_302111282214010,302111282214010,1981-04-10,902.59
Mogami_302111282214010,302111282214010,1981-04-11,1201.97
Mogami_302111282214010,302111282214010,1981-04-12,1281.11
Mogami_302111282214010,302111282214010,1981-04-13,1158.01
Mogami_302111282214010,302111282214010,1981-04-14,807.15
Mogami_302111282214010,302111282214010,1981-04-15,672.11
Mogami_302111282214010,302111282214010,1981-04-16,616.32
Mogami_302111282214010,302111282214010,1981-04-17,703.04
Mogami_302111282214010,302111282214010,1981-04-18,743.38
Mogami_302111282214010,302111282214010,1981-04-19,551.36
Mogami_302111282214010,302111282214010,1981-04-20,979.16
Mogami_302111282214010,302111282214010,1981-04-21,1284.96
Mogami_302111282214010,302111282214010,1981-04-22,900.48
Mogami_302111282214010,302111282214010,1981-04-23,799.2
Mogami_302111282214010,302111282214010,1981-04-24,940.87
Mogami_302111282214010,302111282214010,1981-04-25,971.39
Mogami_302111282214010,302111282214010,1981-04-26,776.17
Mogami_302111282214010,302111282214010,1981-04-27,765.75
Mogami_302111282214010,302111282214010,1981-04-28,829.01
Mogami_302111282214010,302111282214010,1981-04-29,655.19
Mogami_302111282214010,302111282214010,1981-04-30,742.12
Mogami_302111282214010,302111282214010,1981-05-01,1065.15
Mogami_302111282214010,302111282214010,1981-05-02,887.25
Mogami_302111282214010,302111282214010,1981-05-03,843.23
Mogami_302111282214010,302111282214010,1981-05-04,1000.54
Mogami_302111282214010,302111282214010,1981-05-05,753.28
Mogami_302111282214010,302111282214010,1981-05-06,590.49
Mogami_302111282214010,302111282214010,1981-05-07,505.89
Mogami_302111282214010,302111282214010,1981-05-08,1007.95
Mogami_302111282214010,302111282214010,1981-05-09,847.21
Mogami_302111282214010,302111282214010,1981-05-10,828.68
Mogami_302111282214010,302111282214010,1981-05-11,621.03
Mogami_302111282214010,302111282214010,1981-05-12,767.25
Mogami_302111282214010,302111282214010,1981-05-13,607.95
Mogami_302111282214010,302111282214010,1981-05-14,468.02
Mogami_302111282214010,302111282214010,1981-05-15,414.49
Mogami_302111282214010,302111282214010,1981-05-16,352.42
Mogami_302111282214010,302111282214010,1981-05-17,325.94
Mogami_302111282214010,302111282214010,1981-05-18,562.44
Mogami_302111282214010,302111282214010,1981-05-19,541.43
Mogami_302111282214010,302111282214010,1981-05-20,397.5
Mogami_302111282214010,302111282214010,1981-05-21,325.98
Mogami_302111282214010,302111282214010,1981-05-22,302.57
Mogami_302111282214010,302111282214010,1981-05-23,309.44
Mogami_302111282214010,302111282214010,1981-05-24,327.26
Mogami_302111282214010,302111282214010,1981-05-25,374.65
Mogami_302111282214010,302111282214010,1981-05-26,359.06
Mogami_302111282214010,302111282214010,1981-05-27,265.37
Mogami_302111282214010,302111282214010,1981-05-28,239.84
Mogami_302111282214010,302111282214010,1981-05-29,309.46
Mogami_302111282214010,302111282214010,1981-05-30,352.43
Mogami_302111282214010,302111282214010,1981-05-31,231.19
Mogami_302111282214010,302111282214010,1981-06-01,199.35
Mogami_302111282214010,302111282214010,1981-06-02,198.36
Mogami_302111282214010,302111282214010,1981-06-03,160.51
Mogami_302111282214010,302111282214010,1981-06-04,149.83
Mogami_302111282214010,302111282214010,1981-06-05,161.42
Mogami_302111282214010,302111282214010,1981-06-06,315.15
Mogami_302111282214010,302111282214010,1981-06-07,255.68
Mogami_302111282214010,302111282214010,1981-06-08,197.48
Mogami_302111282214010,302111282214010,1981-06-09,193.13
Mogami_302111282214010,302111282214010,1981-06-10,160.08
Mogami_302111282214010,302111282214010,1981-06-11,155.7
Mogami_302111282214010,302111282214010,1981-06-12,172.86
Mogami_302111282214010,302111282214010,1981-06-13,214.35
Mogami_302111282214010,302111282214010,1981-06-14,169.09
Mogami_302111282214010,302111282214010,1981-06-15,151.01
Mogami_302111282214010,302111282214010,1981-06-16,131.67
Mogami_302111282214010,302111282214010,1981-06-17,125.63
Mogami_302111282214010,302111282214010,1981-06-18,213.78
Mogami_302111282214010,302111282214010,1981-06-19,229.63
Mogami_302111282214010,302111282214010,1981-06-20,133.69
Mogami_302111282214010,302111282214010,1981-06-21,87.31
Mogami_302111282214010,302111282214010,1981-06-22,869.35
Mogami_302111282214010,302111282214010,1981-06-23,2179.25
Mogami_302111282214010,302111282214010,1981-06-24,875.39
Mogami_302111282214010,302111282214010,1981-06-25,392.23
Mogami_302111282214010,302111282214010,1981-06-26,320.0
Mogami_302111282214010,302111282214010,1981-06-27,539.97
Mogami_302111282214010,302111282214010,1981-06-28,560.81
Mogami_302111282214010,302111282214010,1981-06-29,493.18
Mogami_302111282214010,302111282214010,1981-06-30,695.6
Mogami_302111282214010,302111282214010,1981-07-01,379.55
Mogami_302111282214010,302111282214010,1981-07-02,277.14
Mogami_302111282214010,302111282214010,1981-07-03,216.33
Mogami_302111282214010,302111282214010,1981-07-04,192.09
Mogami_302111282214010,302111282214010,1981-07-05,244.08
Mogami_302111282214010,302111282214010,1981-07-06,198.99
Mogami_302111282214010,302111282214010,1981-07-07,184.28
Mogami_302111282214010,302111282214010,1981-07-08,157.05
Mogami_302111282214010,302111282214010,1981-07-09,133.77
Mogami_302111282214010,302111282214010,1981-07-10,122.94
Mogami_302111282214010,302111282214010,1981-07-11,121.05
Mogami_302111282214010,302111282214010,1981-07-12,133.7
Mogami_302111282214010,302111282214010,1981-07-13,219.36
Mogami_302111282214010,302111282214010,1981-07-14,234.84
Mogami_302111282214010,302111282214010,1981-07-15,272.23
Mogami_302111282214010,302111282214010,1981-07-16,173.38
Mogami_302111282214010,302111282214010,1981-07-17,134.1
Mogami_302111282214010,302111282214010,1981-07-18,122.41
Mogami_302111282214010,302111282214010,1981-07-19,115.0
Mogami_302111282214010,302111282214010,1981-07-20,105.59
Mogami_302111282214010,302111282214010,1981-07-21,114.24
Mogami_302111282214010,302111282214010,1981-07-22,220.22
Mogami_302111282214010,302111282214010,1981-07-23,256.68
Mogami_302111282214010,302111282214010,1981-07-24,141.0
Mogami_302111282214010,302111282214010,1981-07-25,109.34
Mogami_302111282214010,302111282214010,1981-07-26,90.21
Mogami_302111282214010,302111282214010,1981-07-27,80.13
Mogami_302111282214010,302111282214010,1981-07-28,71.91
Mogami_302111282214010,302111282214010,1981-07-29,66.19
Mogami_302111282214010,302111282214010,1981-07-30,59.78
Mogami_302111282214010,302111282214010,1981-07-31,54.74
Mogami_302111282214010,302111282214010,1981-08-01,50.26
Mogami_302111282214010,302111282214010,1981-08-02,45.61
Mogami_302111282214010,302111282214010,1981-08-03,50.91
Mogami_302111282214010,302111282214010,1981-08-04,75.55
Mogami_302111282214010,302111282214010,1981-08-05,126.65
Mogami_302111282214010,302111282214010,1981-08-06,100.06
Mogami_302111282214010,302111282214010,1981-08-07,69.6
Mogami_302111282214010,302111282214010,1981-08-08,54.79
Mogami_302111282214010,302111282214010,1981-08-09,54.35
Mogami_302111282214010,302111282214010,1981-08-10,51.82
Mogami_302111282214010,302111282214010,1981-08-11,47.32
Mogami_302111282214010,302111282214010,1981-08-12,57.92
Mogami_302111282214010,302111282214010,1981-08-13,61.93
Mogami_302111282214010,302111282214010,1981-08-14,56.03
Mogami_302111282214010,302111282214010,1981-08-15,48.99
Mogami_302111282214010,302111282214010,1981-08-16,42.64
Mogami_302111282214010,302111282214010,1981-08-17,37.1
Mogami_302111282214010,302111282214010,1981-08-18,34.87
Mogami_302111282214010,302111282214010,1981-08-19,38.53
Mogami_302111282214010,302111282214010,1981-08-20,63.68
Mogami_302111282214010,302111282214010,1981-08-21,63.83
Mogami_302111282214010,302111282214010,1981-08-22,76.76
Mogami_302111282214010,302111282214010,1981-08-23,1829.71
Mogami_302111282214010,302111282214010,1981-08-24,979.8
Mogami_302111282214010,302111282214010,1981-08-25,283.31
Mogami_302111282214010,302111282214010,1981-08-26,181.02
Mogami_302111282214010,302111282214010,1981-08-27,207.2
Mogami_302111282214010,302111282214010,1981-08-28,372.93
Mogami_302111282214010,302111282214010,1981-08-29,204.12
Mogami_302111282214010,302111282214010,1981-08-30,157.26
Mogami_302111282214010,302111282214010,1981-08-31,256.0
Mogami_302111282214010,302111282214010,1981-09-01,198.41
Mogami_302111282214010,302111282214010,1981-09-02,140.89
Mogami_302111282214010,302111282214010,1981-09-03,129.41
Mogami_302111282214010,302111282214010,1981-09-04,126.31
Mogami_302111282214010,302111282214010,1981-09-05,129.65
Mogami_302111282214010,302111282214010,1981-09-06,124.47
Mogami_302111282214010,302111282214010,1981-09-07,122.56
Mogami_302111282214010,302111282214010,1981-09-08,115.24
Mogami_302111282214010,302111282214010,1981-09-09,104.04
Mogami_302111282214010,302111282214010,1981-09-10,99.69
Mogami_302111282214010,302111282214010,1981-09-11,94.97
Mogami_302111282214010,302111282214010,1981-09-12,89.21
Mogami_302111282214010,302111282214010,1981-09-13,85.24
Mogami_302111282214010,302111282214010,1981-09-14,83.63
Mogami_302111282214010,302111282214010,1981-09-15,80.09
Mogami_302111282214010,302111282214010,1981-09-16,77.75
Mogami_302111282214010,302111282214010,1981-09-17,74.58
Mogami_302111282214010,302111282214010,1981-09-18,71.56
Mogami_302111282214010,302111282214010,1981-09-19,68.56
Mogami_302111282214010,302111282214010,1981-09-20,66.14
Mogami_302111282214010,302111282214010,1981-09-21,63.15
Mogami_302111282214010,302111282214010,1981-09-22,60.65
Mogami_302111282214010,302111282214010,1981-09-23,58.03
Mogami_302111282214010,302111282214010,1981-09-24,55.47
Mogami_302111282214010,302111282214010,1981-09-25,52.92
Mogami_302111282214010,302111282214010,1981-09-26,81.23
Mogami_302111282214010,302111282214010,1981-09-27,618.94
Mogami_302111282214010,302111282214010,1981-09-28,243.44
Mogami_302111282214010,302111282214010,1981-09-29,148.61
Mogami_302111282214010,302111282214010,1981-09-30,123.02
Mogami_302111282214010,302111282214010,1981-10-01,120.83
Mogami_302111282214010,302111282214010,1981-10-02,117.14
Mogami_302111282214010,302111282214010,1981-10-03,156.7
Mogami_302111282214010,302111282214010,1981-10-04,227.94
Mogami_302111282214010,302111282214010,1981-10-05,170.07
Mogami_302111282214010,302111282214010,1981-10-06,147.35
Mogami_302111282214010,302111282214010,1981-10-07,128.61
Mogami_302111282214010,302111282214010,1981-10-08,122.71
Mogami_302111282214010,302111282214010,1981-10-09,281.7
Mogami_302111282214010,302111282214010,1981-10-10,291.75
Mogami_302111282214010,302111282214010,1981-10-11,203.45
Mogami_302111282214010,302111282214010,1981-10-12,156.44
Mogami_302111282214010,302111282214010,1981-10-13,140.26
Mogami_302111282214010,302111282214010,1981-10-14,124.47
Mogami_302111282214010,302111282214010,1981-10-15,122.56
Mogami_302111282214010,302111282214010,1981-10-16,122.56
Mogami_302111282214010,302111282214010,1981-10-17,121.35
Mogami_302111282214010,302111282214010,1981-10-18,118.74
Mogami_302111282214010,302111282214010,1981-10-19,114.68
Mogami_302111282214010,302111282214010,1981-10-20,111.48
Mogami_302111282214010,302111282214010,1981-10-21,105.51
Mogami_302111282214010,302111282214010,1981-10-22,100.37
Mogami_302111282214010,302111282214010,1981-10-23,174.64
Mogami_302111282214010,302111282214010,1981-10-24,410.78
Mogami_302111282214010,302111282214010,1981-10-25,699.4
Mogami_302111282214010,302111282214010,1981-10-26,450.36
Mogami_302111282214010,302111282214010,1981-10-27,281.76
Mogami_302111282214010,302111282214010,1981-10-28,199.52
Mogami_302111282214010,302111282214010,1981-10-29,182.04
Mogami_302111282214010,302111282214010,1981-10-30,157.09
Mogami_302111282214010,302111282214010,1981-10-31,127.95
Mogami_302111282214010,302111282214010,1981-11-01,129.13
Mogami_302111282214010,302111282214010,1981-11-02,133.52
Mogami_302111282214010,302111282214010,1981-11-03,237.92
Mogami_302111282214010,302111282214010,1981-11-04,284.17
Mogami_302111282214010,302111282214010,1981-11-05,291.29
Mogami_302111282214010,302111282214010,1981-11-06,233.78
Mogami_302111282214010,302111282214010,1981-11-07,178.3
Mogami_302111282214010,302111282214010,1981-11-08,184.25
Mogami_302111282214010,302111282214010,1981-11-09,178.29
Mogami_302111282214010,302111282214010,1981-11-10,159.69
Mogami_302111282214010,302111282214010,1981-11-11,176.68
Mogami_302111282214010,302111282214010,1981-11-12,224.99
Mogami_302111282214010,302111282214010,1981-11-13,196.29
Mogami_302111282214010,302111282214010,1981-11-14,194.1
Mogami_302111282214010,302111282214010,1981-11-15,180.14
Mogami_302111282214010,302111282214010,1981-11-16,238.3
Mogami_302111282214010,302111282214010,1981-11-17,230.08
Mogami_302111282214010,302111282214010,1981-11-18,181.26
Mogami_302111282214010,302111282214010,1981-11-19,155.98
Mogami_302111282214010,302111282214010,1981-11-20,151.02
Mogami_302111282214010,302111282214010,1981-11-21,238.31
Mogami_302111282214010,302111282214010,1981-11-22,195.62
Mogami_302111282214010,302111282214010,1981-11-23,173.55
Mogami_302111282214010,302111282214010,1981-11-24,334.22
Mogami_302111282214010,302111282214010,1981-11-25,268.19
Mogami_302111282214010,302111282214010,1981-11-26,208.57
Mogami_302111282214010,302111282214010,1981-11-27,190.13
Mogami_302111282214010,302111282214010,1981-11-28,171.65
Mogami_302111282214010,302111282214010,1981-11-29,157.28
Mogami_302111282214010,302111282214010,1981-11-30,139.89
Mogami_302111282214010,302111282214010,1981-12-01,139.73
Mogami_302111282214010,302111282214010,1981-12-02,147.32
Mogami_302111282214010,302111282214010,1981-12-03,139.64
Mogami_302111282214010,302111282214010,1981-12-04,130.03
Mogami_302111282214010,302111282214010,1981-12-05,135.36
Mogami_302111282214010,302111282214010,1981-12-06,135.3
Mogami_302111282214010,302111282214010,1981-12-07,125.8
Mogami_302111282214010,302111282214010,1981-12-08,124.0
Mogami_302111282214010,302111282214010,1981-12-09,129.37
Mogami_302111282214010,302111282214010,1981-12-10,178.62
Mogami_302111282214010,302111282214010,1981-12-11,157.05
Mogami_302111282214010,302111282214010,1981-12-12,190.51
Mogami_302111282214010,302111282214010,1981-12-13,216.51
Mogami_302111282214010,302111282214010,1981-12-14,170.38
Mogami_302111282214010,302111282214010,1981-12-15,153.87
Mogami_302111282214010,302111282214010,1981-12-16,147.65
Mogami_302111282214010,302111282214010,1981-12-17,145.61
Mogami_302111282214010,302111282214010,1981-12-18,147.31
Mogami_302111282214010,302111282214010,1981-12-19,156.85
Mogami_302111282214010,302111282214010,1981-12-20,178.13
Mogami_302111282214010,302111282214010,1981-12-21,188.9
Mogami_302111282214010,302111282214010,1981-12-22,185.81
Mogami_302111282214010,302111282214010,1981-12-23,186.05
Mogami_302111282214010,302111282214010,1981-12-24,405.35
Mogami_302111282214010,302111282214010,1981-12-25,292.57
Mogami_302111282214010,302111282214010,1981-12-26,213.61
Mogami_302111282214010,302111282214010,1981-12-27,196.47
Mogami_302111282214010,302111282214010,1981-12-28,229.7
Mogami_302111282214010,302111282214010,1981-12-29,260.02
Mogami_302111282214010,302111282214010,1981-12-30,339.74
Mogami_302111282214010,302111282214010,1981-12-31,282.14
Mogami_302111282214010,302111282214010,1982-01-01,213.65
Mogami_302111282214010,302111282214010,1982-01-02,179.33
Mogami_302111282214010,302111282214010,1982-01-03,139.02
Mogami_302111282214010,302111282214010,1982-01-04,128.31
Mogami_302111282214010,302111282214010,1982-01-05,214.54
Mogami_302111282214010,302111282214010,1982-01-06,287.42
Mogami_302111282214010,302111282214010,1982-01-07,209.89
Mogami_302111282214010,302111282214010,1982-01-08,178.01
Mogami_302111282214010,302111282214010,1982-01-09,154.96
Mogami_302111282214010,302111282214010,1982-01-10,150.81
Mogami_302111282214010,302111282214010,1982-01-11,131.85
Mogami_302111282214010,302111282214010,1982-01-12,129.18
Mogami_302111282214010,302111282214010,1982-01-13,134.55
Mogami_302111282214010,302111282214010,1982-01-14,132.98
Mogami_302111282214010,302111282214010,1982-01-15,126.12
Mogami_302111282214010,302111282214010,1982-01-16,121.8
Mogami_302111282214010,302111282214010,1982-01-17,124.72
Mogami_302111282214010,302111282214010,1982-01-18,122.09
Mogami_302111282214010,302111282214010,1982-01-19,120.35
Mogami_302111282214010,302111282214010,1982-01-20,119.48
Mogami_302111282214010,302111282214010,1982-01-21,118.63
Mogami_302111282214010,302111282214010,1982-01-22,118.63
Mogami_302111282214010,302111282214010,1982-01-23,120.35
Mogami_302111282214010,302111282214010,1982-01-24,122.09
Mogami_302111282214010,302111282214010,1982-01-25,122.07
Mogami_302111282214010,302111282214010,1982-01-26,120.35
Mogami_302111282214010,302111282214010,1982-01-27,119.48
Mogami_302111282214010,302111282214010,1982-01-28,119.49
Mogami_302111282214010,302111282214010,1982-01-29,117.77
Mogami_302111282214010,302111282214010,1982-01-30,116.85
Mogami_302111282214010,302111282214010,1982-01-31,116.07
Mogami_302111282214010,302111282214010,1982-02-01,115.23
Mogami_302111282214010,302111282214010,1982-02-02,113.68
Mogami_302111282214010,302111282214010,1982-02-03,112.35
Mogami_302111282214010,302111282214010,1982-02-04,111.04
Mogami_302111282214010,302111282214010,1982-02-05,111.04
Mogami_302111282214010,302111282214010,1982-02-06,110.15
Mogami_302111282214010,302111282214010,1982-02-07,109.39
Mogami_302111282214010,302111282214010,1982-02-08,108.43
Mogami_302111282214010,302111282214010,1982-02-09,107.75
Mogami_302111282214010,302111282214010,1982-02-10,106.73
Mogami_302111282214010,302111282214010,1982-02-11,105.18
Mogami_302111282214010,302111282214010,1982-02-12,103.71
Mogami_302111282214010,302111282214010,1982-02-13,102.31
Mogami_302111282214010,302111282214010,1982-02-14,100.79
Mogami_302111282214010,302111282214010,1982-02-15,99.74
Mogami_302111282214010,302111282214010,1982-02-16,98.25
Mogami_302111282214010,302111282214010,1982-02-17,96.62
Mogami_302111282214010,302111282214010,1982-02-18,95.34
Mogami_302111282214010,302111282214010,1982-02-19,93.37
Mogami_302111282214010,302111282214010,1982-02-20,92.04
Mogami_302111282214010,302111282214010,1982-02-21,117.75
Mogami_302111282214010,302111282214010,1982-02-22,170.84
Mogami_302111282214010,302111282214010,1982-02-23,149.83
Mogami_302111282214010,302111282214010,1982-02-24,135.78
Mogami_302111282214010,302111282214010,1982-02-25,123.56
Mogami_302111282214010,302111282214010,1982-02-26,115.24
Mogami_302111282214010,302111282214010,1982-02-27,108.57
Mogami_302111282214010,302111282214010,1982-02-28,107.75
Mogami_302111282214010,302111282214010,1982-03-01,134.37
Mogami_302111282214010,302111282214010,1982-03-02,129.26
Mogami_302111282214010,302111282214010,1982-03-03,122.04
Mogami_302111282214010,302111282214010,1982-03-04,129.34
Mogami_302111282214010,302111282214010,1982-03-05,170.21
Mogami_302111282214010,302111282214010,1982-03-06,512.81
Mogami_302111282214010,302111282214010,1982-03-07,342.1
Mogami_302111282214010,302111282214010,1982-03-08,235.41
Mogami_302111282214010,302111282214010,1982-03-09,201.41
Mogami_302111282214010,302111282214010,1982-03-10,187.67
Mogami_302111282214010,302111282214010,1982-03-11,220.88
Mogami_302111282214010,302111282214010,1982-03-12,241.75
Mogami_302111282214010,302111282214010,1982-03-13,306.28
Mogami_302111282214010,302111282214010,1982-03-14,405.63
Mogami_302111282214010,302111282214010,1982-03-15,345.18
Mogami_302111282214010,302111282214010,1982-03-16,579.12
Mogami_302111282214010,302111282214010,1982-03-17,860.85
Mogami_302111282214010,302111282214010,1982-03-18,478.02
Mogami_302111282214010,302111282214010,1982-03-19,333.75
Mogami_302111282214010,302111282214010,1982-03-20,269.3
Mogami_302111282214010,302111282214010,1982-03-21,349.52
Mogami_302111282214010,302111282214010,1982-03-22,527.0
Mogami_302111282214010,302111282214010,1982-03-23,475.49
Mogami_302111282214010,302111282214010,1982-03-24,476.22
Mogami_302111282214010,302111282214010,1982-03-25,387.35
Mogami_302111282214010,302111282214010,1982-03-26,298.41
Mogami_302111282214010,302111282214010,1982-03-27,231.88
Mogami_302111282214010,302111282214010,1982-03-28,212.52
Mogami_302111282214010,302111282214010,1982-03-29,203.63
Mogami_302111282214010,302111282214010,1982-03-30,238.88
Mogami_302111282214010,302111282214010,1982-03-31,266.9
Mogami_302111282214010,302111282214010,1982-04-01,309.39
Mogami_302111282214010,302111282214010,1982-04-02,327.16
Mogami_302111282214010,302111282214010,1982-04-03,390.18
Mogami_302111282214010,302111282214010,1982-04-04,439.42
Mogami_302111282214010,302111282214010,1982-04-05,298.79
Mogami_302111282214010,302111282214010,1982-04-06,289.64
Mogami_302111282214010,302111282214010,1982-04-07,349.65
Mogami_302111282214010,302111282214010,1982-04-08,483.95
Mogami_302111282214010,302111282214010,1982-04-09,581.04
Mogami_302111282214010,302111282214010,1982-04-10,588.46
Mogami_302111282214010,302111282214010,1982-04-11,579.16
Mogami_302111282214010,302111282214010,1982-04-12,375.9
Mogami_302111282214010,302111282214010,1982-04-13,344.96
Mogami_302111282214010,302111282214010,1982-04-14,354.76
Mogami_302111282214010,302111282214010,1982-04-15,655.33
Mogami_302111282214010,302111282214010,1982-04-16,1971.21
Mogami_302111282214010,302111282214010,1982-04-17,1250.85
Mogami_302111282214010,302111282214010,1982-04-18,911.81
Mogami_302111282214010,302111282214010,1982-04-19,635.34
Mogami_302111282214010,302111282214010,1982-04-20,494.61
Mogami_302111282214010,302111282214010,1982-04-21,435.88
Mogami_302111282214010,302111282214010,1982-04-22,395.27
Mogami_302111282214010,302111282214010,1982-04-23,364.06
Mogami_302111282214010,302111282214010,1982-04-24,380.49
Mogami_302111282214010,302111282214010,1982-04-25,417.77
Mogami_302111282214010,302111282214010,1982-04-26,446.67
Mogami_302111282214010,302111282214010,1982-04-27,447.58
Mogami_302111282214010,302111282214010,1982-04-28,420.87
Mogami_302111282214010,302111282214010,1982-04-29,389.66
Mogami_302111282214010,302111282214010,1982-04-30,427.09
Mogami_302111282214010,302111282214010,1982-05-01,464.53
Mogami_302111282214010,302111282214010,1982-05-02,465.13
Mogami_302111282214010,302111282214010,1982-05-03,509.08
Mogami_302111282214010,302111282214010,1982-05-04,932.49
Mogami_302111282214010,302111282214010,1982-05-05,538.54
Mogami_302111282214010,302111282214010,1982-05-06,397.4
Mogami_302111282214010,302111282214010,1982-05-07,402.85
Mogami_302111282214010,302111282214010,1982-05-08,377.06
Mogami_302111282214010,302111282214010,1982-05-09,293.17
Mogami_302111282214010,302111282214010,1982-05-10,262.41
Mogami_302111282214010,302111282214010,1982-05-11,240.86
Mogami_302111282214010,302111282214010,1982-05-12,248.54
Mogami_302111282214010,302111282214010,1982-05-13,230.85
Mogami_302111282214010,302111282214010,1982-05-14,335.4
Mogami_302111282214010,302111282214010,1982-05-15,215.68
Mogami_302111282214010,302111282214010,1982-05-16,173.87
Mogami_302111282214010,302111282214010,1982-05-17,163.33
Mogami_302111282214010,302111282214010,1982-05-18,155.79
Mogami_302111282214010,302111282214010,1982-05-19,168.52
Mogami_302111282214010,302111282214010,1982-05-20,191.05
Mogami_302111282214010,302111282214010,1982-05-21,812.55
Mogami_302111282214010,302111282214010,1982-05-22,417.04
Mogami_302111282214010,302111282214010,1982-05-23,254.64
Mogami_302111282214010,302111282214010,1982-05-24,196.51
Mogami_302111282214010,302111282214010,1982-05-25,188.68
Mogami_302111282214010,302111282214010,1982-05-26,185.85
Mogami_302111282214010,302111282214010,1982-05-27,185.91
Mogami_302111282214010,302111282214010,1982-05-28,174.64
Mogami_302111282214010,302111282214010,1982-05-29,170.02
Mogami_302111282214010,302111282214010,1982-05-30,148.6
Mogami_302111282214010,302111282214010,1982-05-31,133.43
Mogami_302111282214010,302111282214010,1982-06-01,178.27
Mogami_302111282214010,302111282214010,1982-06-02,227.79
Mogami_302111282214010,302111282214010,1982-06-03,456.61
Mogami_302111282214010,302111282214010,1982-06-04,357.17
Mogami_302111282214010,302111282214010,1982-06-05,187.67
Mogami_302111282214010,302111282214010,1982-06-06,151.07
Mogami_302111282214010,302111282214010,1982-06-07,137.35
Mogami_302111282214010,302111282214010,1982-06-08,137.4
Mogami_302111282214010,302111282214010,1982-06-09,129.69
Mogami_302111282214010,302111282214010,1982-06-10,106.95
Mogami_302111282214010,302111282214010,1982-06-11,99.75
Mogami_302111282214010,302111282214010,1982-06-12,93.57
Mogami_302111282214010,302111282214010,1982-06-13,84.66
Mogami_302111282214010,302111282214010,1982-06-14,87.58
Mogami_302111282214010,302111282214010,1982-06-15,119.13
Mogami_302111282214010,302111282214010,1982-06-16,76.35
Mogami_302111282214010,302111282214010,1982-06-17,60.58
Mogami_302111282214010,302111282214010,1982-06-18,62.46
Mogami_302111282214010,302111282214010,1982-06-19,61.01
Mogami_302111282214010,302111282214010,1982-06-20,62.5
Mogami_302111282214010,302111282214010,1982-06-21,80.35
Mogami_302111282214010,302111282214010,1982-06-22,73.7
Mogami_302111282214010,302111282214010,1982-06-23,62.3
Mogami_302111282214010,302111282214010,1982-06-24,57.57
Mogami_302111282214010,302111282214010,1982-06-25,64.47
Mogami_302111282214010,302111282214010,1982-06-26,56.63
Mogami_302111282214010,302111282214010,1982-06-27,442.7
Mogami_302111282214010,302111282214010,1982-06-28,322.08
Mogami_302111282214010,302111282214010,1982-06-29,134.19
Mogami_302111282214010,302111282214010,1982-06-30,74.28
Mogami_302111282214010,302111282214010,1982-07-01,63.61
Mogami_302111282214010,302111282214010,1982-07-02,59.71
Mogami_302111282214010,302111282214010,1982-07-03,57.53
Mogami_302111282214010,302111282214010,1982-07-04,56.05
Mogami_302111282214010,302111282214010,1982-07-05,54.91
Mogami_302111282214010,302111282214010,1982-07-06,53.05
Mogami_302111282214010,302111282214010,1982-07-07,53.05
Mogami_302111282214010,302111282214010,1982-07-08,145.3
Mogami_302111282214010,302111282214010,1982-07-09,72.36
Mogami_302111282214010,302111282214010,1982-07-10,64.47
Mogami_302111282214010,302111282214010,1982-07-11,58.14
Mogami_302111282214010,302111282214010,1982-07-12,94.25
Mogami_302111282214010,302111282214010,1982-07-13,138.46
Mogami_302111282214010,302111282214010,1982-07-14,60.25
Mogami_302111282214010,302111282214010,1982-07-15,39.53
Mogami_302111282214010,302111282214010,1982-07-16,33.05
Mogami_302111282214010,302111282214010,1982-07-17,35.28
Mogami_302111282214010,302111282214010,1982-07-18,38.28
Mogami_302111282214010,302111282214010,1982-07-19,52.13
Mogami_302111282214010,302111282214010,1982-07-20,50.68
Mogami_302111282214010,302111282214010,1982-07-21,46.44
Mogami_302111282214010,302111282214010,1982-07-22,102.21
Mogami_302111282214010,302111282214010,1982-07-23,64.06
Mogami_302111282214010,302111282214010,1982-07-24,52.13
Mogami_302111282214010,302111282214010,1982-07-25,50.67
Mogami_302111282214010,302111282214010,1982-07-26,100.12
Mogami_302111282214010,302111282214010,1982-07-27,290.88
Mogami_302111282214010,302111282214010,1982-07-28,201.69
Mogami_302111282214010,302111282214010,1982-07-29,149.56
Mogami_302111282214010,302111282214010,1982-07-30,137.09
Mogami_302111282214010,302111282214010,1982-07-31,107.85
Mogami_302111282214010,302111282214010,1982-08-01,91.36
Mogami_302111282214010,302111282214010,1982-08-02,276.26
Mogami_302111282214010,302111282214010,1982-08-03,197.88
Mogami_302111282214010,302111282214010,1982-08-04,136.13
Mogami_302111282214010,302111282214010,1982-08-05,124.0
Mogami_302111282214010,302111282214010,1982-08-06,89.91
Mogami_302111282214010,302111282214010,1982-08-07,65.93
Mogami_302111282214010,302111282214010,1982-08-08,50.01
Mogami_302111282214010,302111282214010,1982-08-09,41.24
Mogami_302111282214010,302111282214010,1982-08-10,118.47
Mogami_302111282214010,302111282214010,1982-08-11,56.26
Mogami_302111282214010,302111282214010,1982-08-12,51.22
Mogami_302111282214010,302111282214010,1982-08-13,40.04
Mogami_302111282214010,302111282214010,1982-08-14,30.19
Mogami_302111282214010,302111282214010,1982-08-15,63.72
Mogami_302111282214010,302111282214010,1982-08-16,59.71
Mogami_302111282214010,302111282214010,1982-08-17,57.58
Mogami_302111282214010,302111282214010,1982-08-18,55.28
Mogami_302111282214010,302111282214010,1982-08-19,50.87
Mogami_302111282214010,302111282214010,1982-08-20,44.23
Mogami_302111282214010,302111282214010,1982-08-21,63.14
Mogami_302111282214010,302111282214010,1982-08-22,67.57
Mogami_302111282214010,302111282214010,1982-08-23,61.24
Mogami_302111282214010,302111282214010,1982-08-24,56.05
Mogami_302111282214010,302111282214010,1982-08-25,50.53
Mogami_302111282214010,302111282214010,1982-08-26,54.35
Mogami_302111282214010,302111282214010,1982-08-27,49.89
Mogami_302111282214010,302111282214010,1982-08-28,42.87
Mogami_302111282214010,302111282214010,1982-08-29,44.04
Mogami_302111282214010,302111282214010,1982-08-30,43.37
Mogami_302111282214010,302111282214010,1982-08-31,95.98
Mogami_302111282214010,302111282214010,1982-09-01,60.26
Mogami_302111282214010,302111282214010,1982-09-02,57.0
Mogami_302111282214010,302111282214010,1982-09-03,71.46
Mogami_302111282214010,302111282214010,1982-09-04,176.7
Mogami_302111282214010,302111282214010,1982-09-05,126.39
Mogami_302111282214010,302111282214010,1982-09-06,62.98
Mogami_302111282214010,302111282214010,1982-09-07,55.68
Mogami_302111282214010,302111282214010,1982-09-08,52.79
Mogami_302111282214010,302111282214010,1982-09-09,120.25
Mogami_302111282214010,302111282214010,1982-09-10,162.28
Mogami_302111282214010,302111282214010,1982-09-11,101.6
Mogami_302111282214010,302111282214010,1982-09-12,293.12
Mogami_302111282214010,302111282214010,1982-09-13,1835.28
Mogami_302111282214010,302111282214010,1982-09-14,663.93
Mogami_302111282214010,302111282214010,1982-09-15,284.53
Mogami_302111282214010,302111282214010,1982-09-16,199.93
Mogami_302111282214010,302111282214010,1982-09-17,157.67
Mogami_302111282214010,302111282214010,1982-09-18,136.18
Mogami_302111282214010,302111282214010,1982-09-19,123.89
Mogami_302111282214010,302111282214010,1982-09-20,105.72
Mogami_302111282214010,302111282214010,1982-09-21,101.73
Mogami_302111282214010,302111282214010,1982-09-22,89.44
Mogami_302111282214010,302111282214010,1982-09-23,70.38
Mogami_302111282214010,302111282214010,1982-09-24,65.41
Mogami_302111282214010,302111282214010,1982-09-25,63.2
Mogami_302111282214010,302111282214010,1982-09-26,58.86
Mogami_302111282214010,302111282214010,1982-09-27,58.57
Mogami_302111282214010,302111282214010,1982-09-28,64.29
Mogami_302111282214010,302111282214010,1982-09-29,80.69
Mogami_302111282214010,302111282214010,1982-09-30,58.1
Mogami_302111282214010,302111282214010,1982-10-01,56.2
Mogami_302111282214010,302111282214010,1982-10-02,51.08
Mogami_302111282214010,302111282214010,1982-10-03,51.59
Mogami_302111282214010,302111282214010,1982-10-04,51.03
Mogami_302111282214010,302111282214010,1982-10-05,50.07
Mogami_302111282214010,302111282214010,1982-10-06,47.75
Mogami_302111282214010,302111282214010,1982-10-07,47.14
Mogami_302111282214010,302111282214010,1982-10-08,48.82
Mogami_302111282214010,302111282214010,1982-10-09,43.1
Mogami_302111282214010,302111282214010,1982-10-10,40.54
Mogami_302111282214010,302111282214010,1982-10-11,42.33
Mogami_302111282214010,302111282214010,1982-10-12,42.25
Mogami_302111282214010,302111282214010,1982-10-13,44.12
Mogami_302111282214010,302111282214010,1982-10-14,40.69
Mogami_302111282214010,302111282214010,1982-10-15,38.68
Mogami_302111282214010,302111282214010,1982-10-16,46.03
Mogami_302111282214010,302111282214010,1982-10-17,42.57
Mogami_302111282214010,302111282214010,1982-10-18,39.23
Mogami_302111282214010,302111282214010,1982-10-19,39.05
Mogami_302111282214010,302111282214010,1982-10-20,215.13
Mogami_302111282214010,302111282214010,1982-10-21,137.18
Mogami_302111282214010,302111282214010,1982-10-22,67.44
Mogami_302111282214010,302111282214010,1982-10-23,53.53
Mogami_302111282214010,302111282214010,1982-10-24,54.6
Mogami_302111282214010,302111282214010,1982-10-25,119.42
Mogami_302111282214010,302111282214010,1982-10-26,99.17
Mogami_302111282214010,302111282214010,1982-10-27,84.96
Mogami_302111282214010,302111282214010,1982-10-28,69.32
Mogami_302111282214010,302111282214010,1982-10-29,60.43
Mogami_302111282214010,302111282214010,1982-10-30,56.87
Mogami_302111282214010,302111282214010,1982-10-31,53.69
Mogami_302111282214010,302111282214010,1982-11-01,53.17
Mogami_302111282214010,302111282214010,1982-11-02,57.56
Mogami_302111282214010,302111282214010,1982-11-03,53.62
Mogami_302111282214010,302111282214010,1982-11-04,52.5
Mogami_302111282214010,302111282214010,1982-11-05,51.69
Mogami_302111282214010,302111282214010,1982-11-06,51.8
Mogami_302111282214010,302111282214010,1982-11-07,49.98
Mogami_302111282214010,302111282214010,1982-11-08,47.46
Mogami_302111282214010,302111282214010,1982-11-09,47.44
Mogami_302111282214010,302111282214010,1982-11-10,48.8
Mogami_302111282214010,302111282214010,1982-11-11,100.89
Mogami_302111282214010,302111282214010,1982-11-12,224.28
Mogami_302111282214010,302111282214010,1982-11-13,222.53
Mogami_302111282214010,302111282214010,1982-11-14,135.29
Mogami_302111282214010,302111282214010,1982-11-15,97.83
Mogami_302111282214010,302111282214010,1982-11-16,88.54
Mogami_302111282214010,302111282214010,1982-11-17,82.78
Mogami_302111282214010,302111282214010,1982-11-18,80.67
Mogami_302111282214010,302111282214010,1982-11-19,69.08
Mogami_302111282214010,302111282214010,1982-11-20,86.76
Mogami_302111282214010,302111282214010,1982-11-21,76.39
Mogami_302111282214010,302111282214010,1982-11-22,64.14
Mogami_302111282214010,302111282214010,1982-11-23,70.03
Mogami_302111282214010,302111282214010,1982-11-24,99.47
Mogami_302111282214010,302111282214010,1982-11-25,219.42
Mogami_302111282214010,302111282214010,1982-11-26,137.34
Mogami_302111282214010,302111282214010,1982-11-27,124.89
Mogami_302111282214010,302111282214010,1982-11-28,103.79
Mogami_302111282214010,302111282214010,1982-11-29,93.49
Mogami_302111282214010,302111282214010,1982-11-30,232.96
Mogami_302111282214010,302111282214010,1982-12-01,452.94
Mogami_302111282214010,302111282214010,1982-12-02,382.68
Mogami_302111282214010,302111282214010,1982-12-03,326.71
Mogami_302111282214010,302111282214010,1982-12-04,270.59
Mogami_302111282214010,302111282214010,1982-12-05,211.27
Mogami_302111282214010,302111282214010,1982-12-06,170.54
Mogami_302111282214010,302111282214010,1982-12-07,149.43
Mogami_302111282214010,302111282214010,1982-12-08,128.98
Mogami_302111282214010,302111282214010,1982-12-09,109.92
Mogami_302111282214010,302111282214010,1982-12-10,98.64
Mogami_302111282214010,302111282214010,1982-12-11,101.93
Mogami_302111282214010,302111282214010,1982-12-12,237.49
Mogami_302111282214010,302111282214010,1982-12-13,210.94
Mogami_302111282214010,302111282214010,1982-12-14,158.2
Mogami_302111282214010,302111282214010,1982-12-15,131.65
Mogami_302111282214010,302111282214010,1982-12-16,117.25
Mogami_302111282214010,302111282214010,1982-12-17,107.51
Mogami_302111282214010,302111282214010,1982-12-18,145.1
Mogami_302111282214010,302111282214010,1982-12-19,132.59
Mogami_302111282214010,302111282214010,1982-12-20,112.1
Mogami_302111282214010,302111282214010,1982-12-21,130.07
Mogami_302111282214010,302111282214010,1982-12-22,121.06
Mogami_302111282214010,302111282214010,1982-12-23,130.81
Mogami_302111282214010,302111282214010,1982-12-24,293.01
Mogami_302111282214010,302111282214010,1982-12-25,392.24
Mogami_302111282214010,302111282214010,1982-12-26,237.58
Mogami_302111282214010,302111282214010,1982-12-27,201.11
Mogami_302111282214010,302111282214010,1982-12-28,184.39
Mogami_302111282214010,302111282214010,1982-12-29,158.37
Mogami_302111282214010,302111282214010,1982-12-30,161.72
Mogami_302111282214010,302111282214010,1982-12-31,142.26
Mogami_302111282214010,302111282214010,1983-01-01,139.09
Mogami_302111282214010,302111282214010,1983-01-02,114.17
Mogami_302111282214010,302111282214010,1983-01-03,99.07
Mogami_302111282214010,302111282214010,1983-01-04,92.03
Mogami_302111282214010,302111282214010,1983-01-05,86.03
Mogami_302111282214010,302111282214010,1983-01-06,97.25
Mogami_302111282214010,302111282214010,1983-01-07,86.78
Mogami_302111282214010,302111282214010,1983-01-08,87.68
Mogami_302111282214010,302111282214010,1983-01-09,130.39
Mogami_302111282214010,302111282214010,1983-01-10,112.65
Mogami_302111282214010,302111282214010,1983-01-11,101.99
Mogami_302111282214010,302111282214010,1983-01-12,100.08
Mogami_302111282214010,302111282214010,1983-01-13,96.0
Mogami_302111282214010,302111282214010,1983-01-14,93.09
Mogami_302111282214010,302111282214010,1983-01-15,91.89
Mogami_302111282214010,302111282214010,1983-01-16,86.77
Mogami_302111282214010,302111282214010,1983-01-17,83.28
Mogami_302111282214010,302111282214010,1983-01-18,81.0
Mogami_302111282214010,302111282214010,1983-01-19,83.6
Mogami_302111282214010,302111282214010,1983-01-20,92.75
Mogami_302111282214010,302111282214010,1983-01-21,81.79
Mogami_302111282214010,302111282214010,1983-01-22,80.29
Mogami_302111282214010,302111282214010,1983-01-23,78.62
Mogami_302111282214010,302111282214010,1983-01-24,80.08
Mogami_302111282214010,302111282214010,1983-01-25,82.6
Mogami_302111282214010,302111282214010,1983-01-26,96.09
Mogami_302111282214010,302111282214010,1983-01-27,100.74
Mogami_302111282214010,302111282214010,1983-01-28,99.47
Mogami_302111282214010,302111282214010,1983-01-29,136.89
Mogami_302111282214010,302111282214010,1983-01-30,260.44
Mogami_302111282214010,302111282214010,1983-01-31,207.67
Mogami_302111282214010,302111282214010,1983-02-01,145.87
Mogami_302111282214010,302111282214010,1983-02-02,139.83
Mogami_302111282214010,302111282214010,1983-02-03,132.42
Mogami_302111282214010,302111282214010,1983-02-04,109.92
Mogami_302111282214010,302111282214010,1983-02-05,99.94
Mogami_302111282214010,302111282214010,1983-02-06,103.13
Mogami_302111282214010,302111282214010,1983-02-07,109.06
Mogami_302111282214010,302111282214010,1983-02-08,99.03
Mogami_302111282214010,302111282214010,1983-02-09,97.56
Mogami_302111282214010,302111282214010,1983-02-10,95.48
Mogami_302111282214010,302111282214010,1983-02-11,87.46
Mogami_302111282214010,302111282214010,1983-02-12,81.55
Mogami_302111282214010,302111282214010,1983-02-13,85.27
Mogami_302111282214010,302111282214010,1983-02-14,81.59
Mogami_302111282214010,302111282214010,1983-02-15,78.4
Mogami_302111282214010,302111282214010,1983-02-16,82.76
Mogami_302111282214010,302111282214010,1983-02-17,72.51
Mogami_302111282214010,302111282214010,1983-02-18,78.01
Mogami_302111282214010,302111282214010,1983-02-19,88.28
Mogami_302111282214010,302111282214010,1983-02-20,83.21
Mogami_302111282214010,302111282214010,1983-02-21,76.92
Mogami_302111282214010,302111282214010,1983-02-22,76.56
Mogami_302111282214010,302111282214010,1983-02-23,76.07
Mogami_302111282214010,302111282214010,1983-02-24,73.28
Mogami_302111282214010,302111282214010,1983-02-25,71.55
Mogami_302111282214010,302111282214010,1983-02-26,72.63
Mogami_302111282214010,302111282214010,1983-02-27,74.54
Mogami_302111282214010,302111282214010,1983-02-28,68.0
Mogami_302111282214010,302111282214010,1983-03-01,92.02
Mogami_302111282214010,302111282214010,1983-03-02,127.54
Mogami_302111282214010,302111282214010,1983-03-03,353.9
Mogami_302111282214010,302111282214010,1983-03-04,373.18
Mogami_302111282214010,302111282214010,1983-03-05,266.12
Mogami_302111282214010,302111282214010,1983-03-06,213.99
Mogami_302111282214010,302111282214010,1983-03-07,178.53
Mogami_302111282214010,302111282214010,1983-03-08,149.1
Mogami_302111282214010,302111282214010,1983-03-09,136.8
Mogami_302111282214010,302111282214010,1983-03-10,134.42
Mogami_302111282214010,302111282214010,1983-03-11,131.23
Mogami_302111282214010,302111282214010,1983-03-12,160.4
Mogami_302111282214010,302111282214010,1983-03-13,205.05
Mogami_302111282214010,302111282214010,1983-03-14,253.42
Mogami_302111282214010,302111282214010,1983-03-15,199.44
Mogami_302111282214010,302111282214010,1983-03-16,179.03
Mogami_302111282214010,302111282214010,1983-03-17,233.62
Mogami_302111282214010,302111282214010,1983-03-18,393.04
Mogami_302111282214010,302111282214010,1983-03-19,263.56
Mogami_302111282214010,302111282214010,1983-03-20,220.34
Mogami_302111282214010,302111282214010,1983-03-21,227.42
Mogami_302111282214010,302111282214010,1983-03-22,239.08
Mogami_302111282214010,302111282214010,1983-03-23,360.44
Mogami_302111282214010,302111282214010,1983-03-24,638.27
Mogami_302111282214010,302111282214010,1983-03-25,599.44
Mogami_302111282214010,302111282214010,1983-03-26,478.73
Mogami_302111282214010,302111282214010,1983-03-27,386.31
Mogami_302111282214010,302111282214010,1983-03-28,363.2
Mogami_302111282214010,302111282214010,1983-03-29,397.37
Mogami_302111282214010,302111282214010,1983-03-30,367.5
Mogami_302111282214010,302111282214010,1983-03-31,371.05
Mogami_302111282214010,302111282214010,1983-04-01,411.88
Mogami_302111282214010,302111282214010,1983-04-02,1033.66
Mogami_302111282214010,302111282214010,1983-04-03,818.97
Mogami_302111282214010,302111282214010,1983-04-04,589.32
Mogami_302111282214010,302111282214010,1983-04-05,540.22
Mogami_302111282214010,302111282214010,1983-04-06,509.92
Mogami_302111282214010,302111282214010,1983-04-07,547.2
Mogami_302111282214010,302111282214010,1983-04-08,625.36
Mogami_302111282214010,302111282214010,1983-04-09,652.29
Mogami_302111282214010,302111282214010,1983-04-10,602.88
Mogami_302111282214010,302111282214010,1983-04-11,614.64
Mogami_302111282214010,302111282214010,1983-04-12,791.41
Mogami_302111282214010,302111282214010,1983-04-13,711.25
Mogami_302111282214010,302111282214010,1983-04-14,557.81
Mogami_302111282214010,302111282214010,1983-04-15,575.03
Mogami_302111282214010,302111282214010,1983-04-16,875.18
Mogami_302111282214010,302111282214010,1983-04-17,705.03
Mogami_302111282214010,302111282214010,1983-04-18,595.26
Mogami_302111282214010,302111282214010,1983-04-19,549.05
Mogami_302111282214010,302111282214010,1983-04-20,773.28
Mogami_302111282214010,302111282214010,1983-04-21,633.35
Mogami_302111282214010,302111282214010,1983-04-22,501.32
Mogami_302111282214010,302111282214010,1983-04-23,645.11
Mogami_302111282214010,302111282214010,1983-04-24,528.3
Mogami_302111282214010,302111282214010,1983-04-25,481.86
Mogami_302111282214010,302111282214010,1983-04-26,479.08
Mogami_302111282214010,302111282214010,1983-04-27,492.19
Mogami_302111282214010,302111282214010,1983-04-28,553.19
Mogami_302111282214010,302111282214010,1983-04-29,539.95
Mogami_302111282214010,302111282214010,1983-04-30,546.72
Mogami_302111282214010,302111282214010,1983-05-01,373.54
Mogami_302111282214010,302111282214010,1983-05-02,291.43
Mogami_302111282214010,302111282214010,1983-05-03,275.68
Mogami_302111282214010,302111282214010,1983-05-04,264.15
Mogami_302111282214010,302111282214010,1983-05-05,247.89
Mogami_302111282214010,302111282214010,1983-05-06,225.24
Mogami_302111282214010,302111282214010,1983-05-07,262.49
Mogami_302111282214010,302111282214010,1983-05-08,293.81
Mogami_302111282214010,302111282214010,1983-05-09,208.75
Mogami_302111282214010,302111282214010,1983-05-10,142.68
Mogami_302111282214010,302111282214010,1983-05-11,138.07
Mogami_302111282214010,302111282214010,1983-05-12,139.37
Mogami_302111282214010,302111282214010,1983-05-13,143.25
Mogami_302111282214010,302111282214010,1983-05-14,160.9
Mogami_302111282214010,302111282214010,1983-05-15,145.64
Mogami_302111282214010,302111282214010,1983-05-16,192.39
Mogami_302111282214010,302111282214010,1983-05-17,985.05
Mogami_302111282214010,302111282214010,1983-05-18,474.07
Mogami_302111282214010,302111282214010,1983-05-19,272.6
Mogami_302111282214010,302111282214010,1983-05-20,206.8
Mogami_302111282214010,302111282214010,1983-05-21,188.01
Mogami_302111282214010,302111282214010,1983-05-22,185.06
Mogami_302111282214010,302111282214010,1983-05-23,154.75
Mogami_302111282214010,302111282214010,1983-05-24,133.91
Mogami_302111282214010,302111282214010,1983-05-25,136.47
Mogami_302111282214010,302111282214010,1983-05-26,147.13
Mogami_302111282214010,302111282214010,1983-05-27,113.8
Mogami_302111282214010,302111282214010,1983-05-28,108.71
Mogami_302111282214010,302111282214010,1983-05-29,107.67
Mogami_302111282214010,302111282214010,1983-05-30,110.12
Mogami_302111282214010,302111282214010,1983-05-31,107.63
Mogami_302111282214010,302111282214010,1983-06-01,103.1
Mogami_302111282214010,302111282214010,1983-06-02,92.44
Mogami_302111282214010,302111282214010,1983-06-03,77.09
Mogami_302111282214010,302111282214010,1983-06-04,73.79
Mogami_302111282214010,302111282214010,1983-06-05,67.85
Mogami_302111282214010,302111282214010,1983-06-06,68.08
Mogami_302111282214010,302111282214010,1983-06-07,80.86
Mogami_302111282214010,302111282214010,1983-06-08,72.84
Mogami_302111282214010,302111282214010,1983-06-09,63.23
Mogami_302111282214010,302111282214010,1983-06-10,63.9
Mogami_302111282214010,302111282214010,1983-06-11,60.16
Mogami_302111282214010,302111282214010,1983-06-12,58.87
Mogami_302111282214010,302111282214010,1983-06-13,77.3
Mogami_302111282214010,302111282214010,1983-06-14,102.99
Mogami_302111282214010,302111282214010,1983-06-15,81.39
Mogami_302111282214010,302111282214010,1983-06-16,68.37
Mogami_302111282214010,302111282214010,1983-06-17,60.02
Mogami_302111282214010,302111282214010,1983-06-18,59.43
Mogami_302111282214010,302111282214010,1983-06-19,65.51
Mogami_302111282214010,302111282214010,1983-06-20,62.02
Mogami_302111282214010,302111282214010,1983-06-21,127.35
Mogami_302111282214010,302111282214010,1983-06-22,101.88
Mogami_302111282214010,302111282214010,1983-06-23,60.58
Mogami_302111282214010,302111282214010,1983-06-24,62.33
Mogami_302111282214010,302111282214010,1983-06-25,108.41
Mogami_302111282214010,302111282214010,1983-06-26,69.44
Mogami_302111282214010,302111282214010,1983-06-27,57.67
Mogami_302111282214010,302111282214010,1983-06-28,52.41
Mogami_302111282214010,302111282214010,1983-06-29,67.52
Mogami_302111282214010,302111282214010,1983-06-30,110.0
Mogami_302111282214010,302111282214010,1983-07-01,128.87
Mogami_302111282214010,302111282214010,1983-07-02,98.84
Mogami_302111282214010,302111282214010,1983-07-03,132.98
Mogami_302111282214010,302111282214010,1983-07-04,178.01
Mogami_302111282214010,302111282214010,1983-07-05,329.92
Mogami_302111282214010,302111282214010,1983-07-06,275.82
Mogami_302111282214010,302111282214010,1983-07-07,178.16
Mogami_302111282214010,302111282214010,1983-07-08,144.88
Mogami_302111282214010,302111282214010,1983-07-09,137.85
Mogami_302111282214010,302111282214010,1983-07-10,133.32
Mogami_302111282214010,302111282214010,1983-07-11,95.85
Mogami_302111282214010,302111282214010,1983-07-12,66.57
Mogami_302111282214010,302111282214010,1983-07-13,63.54
Mogami_302111282214010,302111282214010,1983-07-14,59.73
Mogami_302111282214010,302111282214010,1983-07-15,57.58
Mogami_302111282214010,302111282214010,1983-07-16,146.4
Mogami_302111282214010,302111282214010,1983-07-17,136.81
Mogami_302111282214010,302111282214010,1983-07-18,165.33
Mogami_302111282214010,302111282214010,1983-07-19,157.31
Mogami_302111282214010,302111282214010,1983-07-20,86.6
Mogami_302111282214010,302111282214010,1983-07-21,444.69
Mogami_302111282214010,302111282214010,1983-07-22,310.25
Mogami_302111282214010,302111282214010,1983-07-23,258.81
Mogami_302111282214010,302111282214010,1983-07-24,235.33
Mogami_302111282214010,302111282214010,1983-07-25,164.38
Mogami_302111282214010,302111282214010,1983-07-26,214.92
Mogami_302111282214010,302111282214010,1983-07-27,567.26
Mogami_302111282214010,302111282214010,1983-07-28,275.03
Mogami_302111282214010,302111282214010,1983-07-29,187.89
Mogami_302111282214010,302111282214010,1983-07-30,165.61
Mogami_302111282214010,302111282214010,1983-07-31,439.66
Mogami_302111282214010,302111282214010,1983-08-01,671.85
Mogami_302111282214010,302111282214010,1983-08-02,467.85
Mogami_302111282214010,302111282214010,1983-08-03,254.0
Mogami_302111282214010,302111282214010,1983-08-04,191.14
Mogami_302111282214010,302111282214010,1983-08-05,129.9
Mogami_302111282214010,302111282214010,1983-08-06,100.34
Mogami_302111282214010,302111282214010,1983-08-07,81.8
Mogami_302111282214010,302111282214010,1983-08-08,102.29
Mogami_302111282214010,302111282214010,1983-08-09,157.63
Mogami_302111282214010,302111282214010,1983-08-10,164.45
Mogami_302111282214010,302111282214010,1983-08-11,98.41
Mogami_302111282214010,302111282214010,1983-08-12,87.31
Mogami_302111282214010,302111282214010,1983-08-13,78.91
Mogami_302111282214010,302111282214010,1983-08-14,67.06
Mogami_302111282214010,302111282214010,1983-08-15,63.56
Mogami_302111282214010,302111282214010,1983-08-16,197.79
Mogami_302111282214010,302111282214010,1983-08-17,234.36
Mogami_302111282214010,302111282214010,1983-08-18,287.98
Mogami_302111282214010,302111282214010,1983-08-19,183.45
Mogami_302111282214010,302111282214010,1983-08-20,152.04
Mogami_302111282214010,302111282214010,1983-08-21,154.64
Mogami_302111282214010,302111282214010,1983-08-22,285.59
Mogami_302111282214010,302111282214010,1983-08-23,249.72
Mogami_302111282214010,302111282214010,1983-08-24,163.73
Mogami_302111282214010,302111282214010,1983-08-25,316.13
Mogami_302111282214010,302111282214010,1983-08-26,296.47
Mogami_302111282214010,302111282214010,1983-08-27,237.08
Mogami_302111282214010,302111282214010,1983-08-28,171.01
Mogami_302111282214010,302111282214010,1983-08-29,147.72
Mogami_302111282214010,302111282214010,1983-08-30,115.73
Mogami_302111282214010,302111282214010,1983-08-31,93.14
Mogami_302111282214010,302111282214010,1983-09-01,79.58
Mogami_302111282214010,302111282214010,1983-09-02,71.06
Mogami_302111282214010,302111282214010,1983-09-03,65.82
Mogami_302111282214010,302111282214010,1983-09-04,64.83
Mogami_302111282214010,302111282214010,1983-09-05,59.26
Mogami_302111282214010,302111282214010,1983-09-06,57.92
Mogami_302111282214010,302111282214010,1983-09-07,93.32
Mogami_302111282214010,302111282214010,1983-09-08,138.24
Mogami_302111282214010,302111282214010,1983-09-09,212.67
Mogami_302111282214010,302111282214010,1983-09-10,163.37
Mogami_302111282214010,302111282214010,1983-09-11,116.66
Mogami_302111282214010,302111282214010,1983-09-12,343.55
Mogami_302111282214010,302111282214010,1983-09-13,294.68
Mogami_302111282214010,302111282214010,1983-09-14,161.19
Mogami_302111282214010,302111282214010,1983-09-15,133.2
Mogami_302111282214010,302111282214010,1983-09-16,150.98
Mogami_302111282214010,302111282214010,1983-09-17,125.5
Mogami_302111282214010,302111282214010,1983-09-18,102.87
Mogami_302111282214010,302111282214010,1983-09-19,89.91
Mogami_302111282214010,302111282214010,1983-09-20,85.74
Mogami_302111282214010,302111282214010,1983-09-21,73.62
Mogami_302111282214010,302111282214010,1983-09-22,277.08
Mogami_302111282214010,302111282214010,1983-09-23,228.0
Mogami_302111282214010,302111282214010,1983-09-24,190.91
Mogami_302111282214010,302111282214010,1983-09-25,323.66
Mogami_302111282214010,302111282214010,1983-09-26,187.94
Mogami_302111282214010,302111282214010,1983-09-27,151.66
Mogami_302111282214010,302111282214010,1983-09-28,203.75
Mogami_302111282214010,302111282214010,1983-09-29,414.93
Mogami_302111282214010,302111282214010,1983-09-30,235.81
Mogami_302111282214010,302111282214010,1983-10-01,200.09
Mogami_302111282214010,302111282214010,1983-10-02,168.94
Mogami_302111282214010,302111282214010,1983-10-03,144.72
Mogami_302111282214010,302111282214010,1983-10-04,245.71
Mogami_302111282214010,302111282214010,1983-10-05,174.28
Mogami_302111282214010,302111282214010,1983-10-06,161.22
Mogami_302111282214010,302111282214010,1983-10-07,140.36
Mogami_302111282214010,302111282214010,1983-10-08,124.83
Mogami_302111282214010,302111282214010,1983-10-09,227.99
Mogami_302111282214010,302111282214010,1983-10-10,205.41
Mogami_302111282214010,302111282214010,1983-10-11,160.2
Mogami_302111282214010,302111282214010,1983-10-12,128.96
Mogami_302111282214010,302111282214010,1983-10-13,103.78
Mogami_302111282214010,302111282214010,1983-10-14,106.31
Mogami_302111282214010,302111282214010,1983-10-15,96.45
Mogami_302111282214010,302111282214010,1983-10-16,83.32
Mogami_302111282214010,302111282214010,1983-10-17,77.72
Mogami_302111282214010,302111282214010,1983-10-18,75.98
Mogami_302111282214010,302111282214010,1983-10-19,68.48
Mogami_302111282214010,302111282214010,1983-10-20,72.96
Mogami_302111282214010,302111282214010,1983-10-21,73.42
Mogami_302111282214010,302111282214010,1983-10-22,63.8
Mogami_302111282214010,302111282214010,1983-10-23,64.73
Mogami_302111282214010,302111282214010,1983-10-24,71.71
Mogami_302111282214010,302111282214010,1983-10-25,132.73
Mogami_302111282214010,302111282214010,1983-10-26,126.28
Mogami_302111282214010,302111282214010,1983-10-27,142.54
Mogami_302111282214010,302111282214010,1983-10-28,146.13
Mogami_302111282214010,302111282214010,1983-10-29,129.32
Mogami_302111282214010,302111282214010,1983-10-30,109.98
Mogami_302111282214010,302111282214010,1983-10-31,94.02
Mogami_302111282214010,302111282214010,1983-11-01,106.48
Mogami_302111282214010,302111282214010,1983-11-02,95.36
Mogami_302111282214010,302111282214010,1983-11-03,89.22
Mogami_302111282214010,302111282214010,1983-11-04,92.68
Mogami_302111282214010,302111282214010,1983-11-05,83.63
Mogami_302111282214010,302111282214010,1983-11-06,77.05
Mogami_302111282214010,302111282214010,1983-11-07,89.05
Mogami_302111282214010,302111282214010,1983-11-08,79.41
Mogami_302111282214010,302111282214010,1983-11-09,70.18
Mogami_302111282214010,302111282214010,1983-11-10,67.56
Mogami_302111282214010,302111282214010,1983-11-11,81.81
Mogami_302111282214010,302111282214010,1983-11-12,96.28
Mogami_302111282214010,302111282214010,1983-11-13,190.96
Mogami_302111282214010,302111282214010,1983-11-14,335.68
Mogami_302111282214010,302111282214010,1983-11-15,277.01
Mogami_302111282214010,302111282214010,1983-11-16,201.87
Mogami_302111282214010,302111282214010,1983-11-17,155.03
Mogami_302111282214010,302111282214010,1983-11-18,241.63
Mogami_302111282214010,302111282214010,1983-11-19,466.45
Mogami_302111282214010,302111282214010,1983-11-20,345.23
Mogami_302111282214010,302111282214010,1983-11-21,288.29
Mogami_302111282214010,302111282214010,1983-11-22,248.97
Mogami_302111282214010,302111282214010,1983-11-23,198.41
Mogami_302111282214010,302111282214010,1983-11-24,221.45
Mogami_302111282214010,302111282214010,1983-11-25,255.39
Mogami_302111282214010,302111282214010,1983-11-26,251.38
Mogami_302111282214010,302111282214010,1983-11-27,223.26
Mogami_302111282214010,302111282214010,1983-11-28,191.69
Mogami_302111282214010,302111282214010,1983-11-29,174.58
Mogami_302111282214010,302111282214010,1983-11-30,161.34
Mogami_302111282214010,302111282214010,1983-12-01,217.96
Mogami_302111282214010,302111282214010,1983-12-02,250.09
Mogami_302111282214010,302111282214010,1983-12-03,543.07
Mogami_302111282214010,302111282214010,1983-12-04,377.05
Mogami_302111282214010,302111282214010,1983-12-05,270.55
Mogami_302111282214010,302111282214010,1983-12-06,240.61
Mogami_302111282214010,302111282214010,1983-12-07,199.55
Mogami_302111282214010,302111282214010,1983-12-08,176.06
Mogami_302111282214010,302111282214010,1983-12-09,152.49
Mogami_302111282214010,302111282214010,1983-12-10,148.11
Mogami_302111282214010,302111282214010,1983-12-11,151.85
Mogami_302111282214010,302111282214010,1983-12-12,296.88
Mogami_302111282214010,302111282214010,1983-12-13,220.53
Mogami_302111282214010,302111282214010,1983-12-14,409.92
Mogami_302111282214010,302111282214010,1983-12-15,342.45
Mogami_302111282214010,302111282214010,1983-12-16,249.24
Mogami_302111282214010,302111282214010,1983-12-17,205.0
Mogami_302111282214010,302111282214010,1983-12-18,166.94
Mogami_302111282214010,302111282214010,1983-12-19,154.66
Mogami_302111282214010,302111282214010,1983-12-20,142.7
Mogami_302111282214010,302111282214010,1983-12-21,128.26
Mogami_302111282214010,302111282214010,1983-12-22,122.42
Mogami_302111282214010,302111282214010,1983-12-23,127.19
Mogami_302111282214010,302111282214010,1983-12-24,134.43
Mogami_302111282214010,302111282214010,1983-12-25,119.89
Mogami_302111282214010,302111282214010,1983-12-26,107.76
Mogami_302111282214010,302111282214010,1983-12-27,101.32
Mogami_302111282214010,302111282214010,1983-12-28,94.99
Mogami_302111282214010,302111282214010,1983-12-29,89.4
Mogami_302111282214010,302111282214010,1983-12-30,85.15
Mogami_302111282214010,302111282214010,1983-12-31,83.49
Mogami_302111282214010,302111282214010,1984-01-01,87.6
Mogami_302111282214010,302111282214010,1984-01-02,84.26
Mogami_302111282214010,302111282214010,1984-01-03,80.45
Mogami_302111282214010,302111282214010,1984-01-04,79.36
Mogami_302111282214010,302111282214010,1984-01-05,84.67
Mogami_302111282214010,302111282214010,1984-01-06,80.64
Mogami_302111282214010,302111282214010,1984-01-07,77.77
Mogami_302111282214010,302111282214010,1984-01-08,75.65
Mogami_302111282214010,302111282214010,1984-01-09,74.12
Mogami_302111282214010,302111282214010,1984-01-10,74.96
Mogami_302111282214010,302111282214010,1984-01-11,83.59
Mogami_302111282214010,302111282214010,1984-01-12,80.16
Mogami_302111282214010,302111282214010,1984-01-13,79.23
Mogami_302111282214010,302111282214010,1984-01-14,80.82
Mogami_302111282214010,302111282214010,1984-01-15,82.96
Mogami_302111282214010,302111282214010,1984-01-16,95.65
Mogami_302111282214010,302111282214010,1984-01-17,77.55
Mogami_302111282214010,302111282214010,1984-01-18,76.85
Mogami_302111282214010,302111282214010,1984-01-19,75.48
Mogami_302111282214010,302111282214010,1984-01-20,76.16
Mogami_302111282214010,302111282214010,1984-01-21,83.35
Mogami_302111282214010,302111282214010,1984-01-22,82.28
Mogami_302111282214010,302111282214010,1984-01-23,79.28
Mogami_302111282214010,302111282214010,1984-01-24,72.33
Mogami_302111282214010,302111282214010,1984-01-25,75.94
Mogami_302111282214010,302111282214010,1984-01-26,78.23
Mogami_302111282214010,302111282214010,1984-01-27,78.06
Mogami_302111282214010,302111282214010,1984-01-28,76.16
Mogami_302111282214010,302111282214010,1984-01-29,71.23
Mogami_302111282214010,302111282214010,1984-01-30,68.79
Mogami_302111282214010,302111282214010,1984-01-31,68.37
Mogami_302111282214010,302111282214010,1984-02-01,68.08
Mogami_302111282214010,302111282214010,1984-02-02,71.16
Mogami_302111282214010,302111282214010,1984-02-03,72.05
Mogami_302111282214010,302111282214010,1984-02-04,73.44
Mogami_302111282214010,302111282214010,1984-02-05,72.99
Mogami_302111282214010,302111282214010,1984-02-06,72.71
Mogami_302111282214010,302111282214010,1984-02-07,73.44
Mogami_302111282214010,302111282214010,1984-02-08,73.78
Mogami_302111282214010,302111282214010,1984-02-09,78.21
Mogami_302111282214010,302111282214010,1984-02-10,77.55
Mogami_302111282214010,302111282214010,1984-02-11,70.55
Mogami_302111282214010,302111282214010,1984-02-12,68.64
Mogami_302111282214010,302111282214010,1984-02-13,67.93
Mogami_302111282214010,302111282214010,1984-02-14,66.27
Mogami_302111282214010,302111282214010,1984-02-15,63.58
Mogami_302111282214010,302111282214010,1984-02-16,64.96
Mogami_302111282214010,302111282214010,1984-02-17,65.5
Mogami_302111282214010,302111282214010,1984-02-18,64.12
Mogami_302111282214010,302111282214010,1984-02-19,63.89
Mogami_302111282214010,302111282214010,1984-02-20,63.06
Mogami_302111282214010,302111282214010,1984-02-21,62.78
Mogami_302111282214010,302111282214010,1984-02-22,64.41
Mogami_302111282214010,302111282214010,1984-02-23,63.47
Mogami_302111282214010,302111282214010,1984-02-24,66.72
Mogami_302111282214010,302111282214010,1984-02-25,66.59
Mogami_302111282214010,302111282214010,1984-02-26,63.11
Mogami_302111282214010,302111282214010,1984-02-27,64.55
Mogami_302111282214010,302111282214010,1984-02-28,71.72
Mogami_302111282214010,302111282214010,1984-02-29,66.43
Mogami_302111282214010,302111282214010,1984-03-01,62.7
Mogami_302111282214010,302111282214010,1984-03-02,64.22
Mogami_302111282214010,302111282214010,1984-03-03,63.79
Mogami_302111282214010,302111282214010,1984-03-04,65.14
Mogami_302111282214010,302111282214010,1984-03-05,62.16
Mogami_302111282214010,302111282214010,1984-03-06,62.22
Mogami_302111282214010,302111282214010,1984-03-07,64.84
Mogami_302111282214010,302111282214010,1984-03-08,64.03
Mogami_302111282214010,302111282214010,1984-03-09,64.15
Mogami_302111282214010,302111282214010,1984-03-10,63.51
Mogami_302111282214010,302111282214010,1984-03-11,62.38
Mogami_302111282214010,302111282214010,1984-03-12,64.02
Mogami_302111282214010,302111282214010,1984-03-13,65.88
Mogami_302111282214010,302111282214010,1984-03-14,63.45
Mogami_302111282214010,302111282214010,1984-03-15,62.11
Mogami_302111282214010,302111282214010,1984-03-16,61.04
Mogami_302111282214010,302111282214010,1984-03-17,69.65
Mogami_302111282214010,302111282214010,1984-03-18,82.72
Mogami_302111282214010,302111282214010,1984-03-19,83.62
Mogami_302111282214010,302111282214010,1984-03-20,88.89
Mogami_302111282214010,302111282214010,1984-03-21,81.35
Mogami_302111282214010,302111282214010,1984-03-22,82.78
Mogami_302111282214010,302111282214010,1984-03-23,80.59
Mogami_302111282214010,302111282214010,1984-03-24,76.79
Mogami_302111282214010,302111282214010,1984-03-25,79.34
Mogami_302111282214010,302111282214010,1984-03-26,95.57
Mogami_302111282214010,302111282214010,1984-03-27,96.67
Mogami_302111282214010,302111282214010,1984-03-28,92.26
Mogami_302111282214010,302111282214010,1984-03-29,98.33
Mogami_302111282214010,302111282214010,1984-03-30,130.8
Mogami_302111282214010,302111282214010,1984-03-31,317.5
Mogami_302111282214010,302111282214010,1984-04-01,421.1
Mogami_302111282214010,302111282214010,1984-04-02,394.05
Mogami_302111282214010,302111282214010,1984-04-03,389.76
Mogami_302111282214010,302111282214010,1984-04-04,407.08
Mogami_302111282214010,302111282214010,1984-04-05,712.51
Mogami_302111282214010,302111282214010,1984-04-06,1355.38
Mogami_302111282214010,302111282214010,1984-04-07,957.38
Mogami_302111282214010,302111282214010,1984-04-08,573.94
Mogami_302111282214010,302111282214010,1984-04-09,475.85
Mogami_302111282214010,302111282214010,1984-04-10,467.63
Mogami_302111282214010,302111282214010,1984-04-11,497.67
Mogami_302111282214010,302111282214010,1984-04-12,591.83
Mogami_302111282214010,302111282214010,1984-04-13,585.88
Mogami_302111282214010,302111282214010,1984-04-14,543.43
Mogami_302111282214010,302111282214010,1984-04-15,521.27
Mogami_302111282214010,302111282214010,1984-04-16,467.98
Mogami_302111282214010,302111282214010,1984-04-17,541.72
Mogami_302111282214010,302111282214010,1984-04-18,717.78
Mogami_302111282214010,302111282214010,1984-04-19,1074.26
Mogami_302111282214010,302111282214010,1984-04-20,1220.97
Mogami_302111282214010,302111282214010,1984-04-21,918.17
Mogami_302111282214010,302111282214010,1984-04-22,663.82
Mogami_302111282214010,302111282214010,1984-04-23,611.29
Mogami_302111282214010,302111282214010,1984-04-24,684.33
Mogami_302111282214010,302111282214010,1984-04-25,632.53
Mogami_302111282214010,302111282214010,1984-04-26,687.74
Mogami_302111282214010,302111282214010,1984-04-27,851.49
Mogami_302111282214010,302111282214010,1984-04-28,881.4
Mogami_302111282214010,302111282214010,1984-04-29,831.83
Mogami_302111282214010,302111282214010,1984-04-30,739.43
Mogami_302111282214010,302111282214010,1984-05-01,710.89
Mogami_302111282214010,302111282214010,1984-05-02,959.53
Mogami_302111282214010,302111282214010,1984-05-03,1150.26
Mogami_302111282214010,302111282214010,1984-05-04,873.26
Mogami_302111282214010,302111282214010,1984-05-05,724.06
Mogami_302111282214010,302111282214010,1984-05-06,704.2
Mogami_302111282214010,302111282214010,1984-05-07,691.04
Mogami_302111282214010,302111282214010,1984-05-08,702.9
Mogami_302111282214010,302111282214010,1984-05-09,689.56
Mogami_302111282214010,302111282214010,1984-05-10,702.02
Mogami_302111282214010,302111282214010,1984-05-11,504.19
Mogami_302111282214010,302111282214010,1984-05-12,427.36
Mogami_302111282214010,302111282214010,1984-05-13,524.17
Mogami_302111282214010,302111282214010,1984-05-14,584.07
Mogami_302111282214010,302111282214010,1984-05-15,522.64
Mogami_302111282214010,302111282214010,1984-05-16,462.89
Mogami_302111282214010,302111282214010,1984-05-17,457.21
Mogami_302111282214010,302111282214010,1984-05-18,424.66
Mogami_302111282214010,302111282214010,1984-05-19,399.55
Mogami_302111282214010,302111282214010,1984-05-20,383.66
Mogami_302111282214010,302111282214010,1984-05-21,372.41
Mogami_302111282214010,302111282214010,1984-05-22,332.79
Mogami_302111282214010,302111282214010,1984-05-23,336.63
Mogami_302111282214010,302111282214010,1984-05-24,312.77
Mogami_302111282214010,302111282214010,1984-05-25,320.52
Mogami_302111282214010,302111282214010,1984-05-26,317.99
Mogami_302111282214010,302111282214010,1984-05-27,310.51
Mogami_302111282214010,302111282214010,1984-05-28,313.89
Mogami_302111282214010,302111282214010,1984-05-29,308.64
Mogami_302111282214010,302111282214010,1984-05-30,303.28
Mogami_302111282214010,302111282214010,1984-05-31,302.11
Mogami_302111282214010,302111282214010,1984-06-01,405.8
Mogami_302111282214010,302111282214010,1984-06-02,277.01
Mogami_302111282214010,302111282214010,1984-06-03,251.52
Mogami_302111282214010,302111282214010,1984-06-04,241.84
Mogami_302111282214010,302111282214010,1984-06-05,230.29
Mogami_302111282214010,302111282214010,1984-06-06,224.73
Mogami_302111282214010,302111282214010,1984-06-07,234.54
Mogami_302111282214010,302111282214010,1984-06-08,229.82
Mogami_302111282214010,302111282214010,1984-06-09,212.75
Mogami_302111282214010,302111282214010,1984-06-10,207.66
Mogami_302111282214010,302111282214010,1984-06-11,240.39
Mogami_302111282214010,302111282214010,1984-06-12,192.05
Mogami_302111282214010,302111282214010,1984-06-13,159.78
Mogami_302111282214010,302111282214010,1984-06-14,151.12
Mogami_302111282214010,302111282214010,1984-06-15,143.97
Mogami_302111282214010,302111282214010,1984-06-16,126.0
Mogami_302111282214010,302111282214010,1984-06-17,125.48
Mogami_302111282214010,302111282214010,1984-06-18,137.75
Mogami_302111282214010,302111282214010,1984-06-19,137.59
Mogami_302111282214010,302111282214010,1984-06-20,468.74
Mogami_302111282214010,302111282214010,1984-06-21,220.11
Mogami_302111282214010,302111282214010,1984-06-22,127.44
Mogami_302111282214010,302111282214010,1984-06-23,138.49
Mogami_302111282214010,302111282214010,1984-06-24,116.7
Mogami_302111282214010,302111282214010,1984-06-25,105.05
Mogami_302111282214010,302111282214010,1984-06-26,110.72
Mogami_302111282214010,302111282214010,1984-06-27,187.79
Mogami_302111282214010,302111282214010,1984-06-28,146.65
Mogami_302111282214010,302111282214010,1984-06-29,134.5
Mogami_302111282214010,302111282214010,1984-06-30,116.21
Mogami_302111282214010,302111282214010,1984-07-01,97.55
Mogami_302111282214010,302111282214010,1984-07-02,87.02
Mogami_302111282214010,302111282214010,1984-07-03,90.88
Mogami_302111282214010,302111282214010,1984-07-04,101.37
Mogami_302111282214010,302111282214010,1984-07-05,214.95
Mogami_302111282214010,302111282214010,1984-07-06,207.04
Mogami_302111282214010,302111282214010,1984-07-07,161.58
Mogami_302111282214010,302111282214010,1984-07-08,193.67
Mogami_302111282214010,302111282214010,1984-07-09,637.72
Mogami_302111282214010,302111282214010,1984-07-10,366.65
Mogami_302111282214010,302111282214010,1984-07-11,242.73
Mogami_302111282214010,302111282214010,1984-07-12,167.44
Mogami_302111282214010,302111282214010,1984-07-13,124.45
Mogami_302111282214010,302111282214010,1984-07-14,132.02
Mogami_302111282214010,302111282214010,1984-07-15,125.93
Mogami_302111282214010,302111282214010,1984-07-16,152.41
Mogami_302111282214010,302111282214010,1984-07-17,147.78
Mogami_302111282214010,302111282214010,1984-07-18,306.28
Mogami_302111282214010,302111282214010,1984-07-19,281.07
Mogami_302111282214010,302111282214010,1984-07-20,189.98
Mogami_302111282214010,302111282214010,1984-07-21,147.09
Mogami_302111282214010,302111282214010,1984-07-22,147.13
Mogami_302111282214010,302111282214010,1984-07-23,112.53
Mogami_302111282214010,302111282214010,1984-07-24,91.11
Mogami_302111282214010,302111282214010,1984-07-25,92.19
Mogami_302111282214010,302111282214010,1984-07-26,295.12
Mogami_302111282214010,302111282214010,1984-07-27,181.8
Mogami_302111282214010,302111282214010,1984-07-28,120.83
Mogami_302111282214010,302111282214010,1984-07-29,93.65
Mogami_302111282214010,302111282214010,1984-07-30,73.71
Mogami_302111282214010,302111282214010,1984-07-31,56.42
Mogami_302111282214010,302111282214010,1984-08-01,62.86
Mogami_302111282214010,302111282214010,1984-08-02,52.83
Mogami_302111282214010,302111282214010,1984-08-03,50.44
Mogami_302111282214010,302111282214010,1984-08-04,50.27
Mogami_302111282214010,302111282214010,1984-08-05,48.23
Mogami_302111282214010,302111282214010,1984-08-06,44.63
Mogami_302111282214010,302111282214010,1984-08-07,42.77
Mogami_302111282214010,302111282214010,1984-08-08,39.86
Mogami_302111282214010,302111282214010,1984-08-09,38.22
Mogami_302111282214010,302111282214010,1984-08-10,42.92
Mogami_302111282214010,302111282214010,1984-08-11,37.99
Mogami_302111282214010,302111282214010,1984-08-12,36.93
Mogami_302111282214010,302111282214010,1984-08-13,34.78
Mogami_302111282214010,302111282214010,1984-08-14,32.69
Mogami_302111282214010,302111282214010,1984-08-15,33.18
Mogami_302111282214010,302111282214010,1984-08-16,30.89
Mogami_302111282214010,302111282214010,1984-08-17,29.69
Mogami_302111282214010,302111282214010,1984-08-18,26.28
Mogami_302111282214010,302111282214010,1984-08-19,21.03
Mogami_302111282214010,302111282214010,1984-08-20,20.53
Mogami_302111282214010,302111282214010,1984-08-21,21.72
Mogami_302111282214010,302111282214010,1984-08-22,22.36
Mogami_302111282214010,302111282214010,1984-08-23,37.93
Mogami_302111282214010,302111282214010,1984-08-24,44.14
Mogami_302111282214010,302111282214010,1984-08-25,38.52
Mogami_302111282214010,302111282214010,1984-08-26,30.51
Mogami_302111282214010,302111282214010,1984-08-27,59.62
Mogami_302111282214010,302111282214010,1984-08-28,61.01
Mogami_302111282214010,302111282214010,1984-08-29,43.5
Mogami_302111282214010,302111282214010,1984-08-30,39.03
Mogami_302111282214010,302111282214010,1984-08-31,47.58
Mogami_302111282214010,302111282214010,1984-09-01,49.01
Mogami_302111282214010,302111282214010,1984-09-02,51.57
Mogami_302111282214010,302111282214010,1984-09-03,564.1
Mogami_302111282214010,302111282214010,1984-09-04,763.97
Mogami_302111282214010,302111282214010,1984-09-05,403.77
Mogami_302111282214010,302111282214010,1984-09-06,228.73
Mogami_302111282214010,302111282214010,1984-09-07,152.52
Mogami_302111282214010,302111282214010,1984-09-08,121.76
Mogami_302111282214010,302111282214010,1984-09-09,132.7
Mogami_302111282214010,302111282214010,1984-09-10,164.07
Mogami_302111282214010,302111282214010,1984-09-11,110.68
Mogami_302111282214010,302111282214010,1984-09-12,95.6
Mogami_302111282214010,302111282214010,1984-09-13,80.32
Mogami_302111282214010,302111282214010,1984-09-14,109.19
Mogami_302111282214010,302111282214010,1984-09-15,110.72
Mogami_302111282214010,302111282214010,1984-09-16,85.72
Mogami_302111282214010,302111282214010,1984-09-17,96.6
Mogami_302111282214010,302111282214010,1984-09-18,81.94
Mogami_302111282214010,302111282214010,1984-09-19,74.56
Mogami_302111282214010,302111282214010,1984-09-20,73.03
Mogami_302111282214010,302111282214010,1984-09-21,73.58
Mogami_302111282214010,302111282214010,1984-09-22,64.58
Mogami_302111282214010,302111282214010,1984-09-23,58.01
Mogami_302111282214010,302111282214010,1984-09-24,56.61
Mogami_302111282214010,302111282214010,1984-09-25,56.06
Mogami_302111282214010,302111282214010,1984-09-26,51.85
Mogami_302111282214010,302111282214010,1984-09-27,52.09
Mogami_302111282214010,302111282214010,1984-09-28,50.11
Mogami_302111282214010,302111282214010,1984-09-29,49.23
Mogami_302111282214010,302111282214010,1984-09-30,45.45
Mogami_302111282214010,302111282214010,1984-10-01,43.18
Mogami_302111282214010,302111282214010,1984-10-02,43.5
Mogami_302111282214010,302111282214010,1984-10-03,82.35
Mogami_302111282214010,302111282214010,1984-10-04,118.25
Mogami_302111282214010,302111282214010,1984-10-05,77.7
Mogami_302111282214010,302111282214010,1984-10-06,62.19
Mogami_302111282214010,302111282214010,1984-10-07,57.6
Mogami_302111282214010,302111282214010,1984-10-08,54.51
Mogami_302111282214010,302111282214010,1984-10-09,51.98
Mogami_302111282214010,302111282214010,1984-10-10,49.51
Mogami_302111282214010,302111282214010,1984-10-11,43.23
Mogami_302111282214010,302111282214010,1984-10-12,46.36
Mogami_302111282214010,302111282214010,1984-10-13,60.85
Mogami_302111282214010,302111282214010,1984-10-14,59.87
Mogami_302111282214010,302111282214010,1984-10-15,55.01
Mogami_302111282214010,302111282214010,1984-10-16,47.89
Mogami_302111282214010,302111282214010,1984-10-17,50.72
Mogami_302111282214010,302111282214010,1984-10-18,42.93
Mogami_302111282214010,302111282214010,1984-10-19,42.23
Mogami_302111282214010,302111282214010,1984-10-20,42.03
Mogami_302111282214010,302111282214010,1984-10-21,52.03
Mogami_302111282214010,302111282214010,1984-10-22,68.7
Mogami_302111282214010,302111282214010,1984-10-23,63.15
Mogami_302111282214010,302111282214010,1984-10-24,131.36
Mogami_302111282214010,302111282214010,1984-10-25,93.11
Mogami_302111282214010,302111282214010,1984-10-26,69.53
Mogami_302111282214010,302111282214010,1984-10-27,62.0
Mogami_302111282214010,302111282214010,1984-10-28,67.23
Mogami_302111282214010,302111282214010,1984-10-29,60.42
Mogami_302111282214010,302111282214010,1984-10-30,58.85
Mogami_302111282214010,302111282214010,1984-10-31,60.09
Mogami_302111282214010,302111282214010,1984-11-01,68.63
Mogami_302111282214010,302111282214010,1984-11-02,199.16
Mogami_302111282214010,302111282214010,1984-11-03,136.96
Mogami_302111282214010,302111282214010,1984-11-04,102.79
Mogami_302111282214010,302111282214010,1984-11-05,83.49
Mogami_302111282214010,302111282214010,1984-11-06,79.54
Mogami_302111282214010,302111282214010,1984-11-07,70.93
Mogami_302111282214010,302111282214010,1984-11-08,66.24
Mogami_302111282214010,302111282214010,1984-11-09,63.56
Mogami_302111282214010,302111282214010,1984-11-10,63.5
Mogami_302111282214010,302111282214010,1984-11-11,65.83
Mogami_302111282214010,302111282214010,1984-11-12,67.62
Mogami_302111282214010,302111282214010,1984-11-13,62.15
Mogami_302111282214010,302111282214010,1984-11-14,60.15
Mogami_302111282214010,302111282214010,1984-11-15,60.98
Mogami_302111282214010,302111282214010,1984-11-16,111.69
Mogami_302111282214010,302111282214010,1984-11-17,95.01
Mogami_302111282214010,302111282214010,1984-11-18,77.71
Mogami_302111282214010,302111282214010,1984-11-19,68.38
Mogami_302111282214010,302111282214010,1984-11-20,66.81
Mogami_302111282214010,302111282214010,1984-11-21,71.73
Mogami_302111282214010,302111282214010,1984-11-22,62.42
Mogami_302111282214010,302111282214010,1984-11-23,61.57
Mogami_302111282214010,302111282214010,1984-11-24,59.97
Mogami_302111282214010,302111282214010,1984-11-25,78.8
Mogami_302111282214010,302111282214010,1984-11-26,62.99
Mogami_302111282214010,302111282214010,1984-11-27,62.61
Mogami_302111282214010,302111282214010,1984-11-28,61.62
Mogami_302111282214010,302111282214010,1984-11-29,61.22
Mogami_302111282214010,302111282214010,1984-11-30,59.93
Mogami_302111282214010,302111282214010,1984-12-01,60.07
Mogami_302111282214010,302111282214010,1984-12-02,61.77
Mogami_302111282214010,302111282214010,1984-12-03,64.58
Mogami_302111282214010,302111282214010,1984-12-04,64.47
Mogami_302111282214010,302111282214010,1984-12-05,63.9
Mogami_302111282214010,302111282214010,1984-12-06,78.27
Mogami_302111282214010,302111282214010,1984-12-07,68.7
Mogami_302111282214010,302111282214010,1984-12-08,62.56
Mogami_302111282214010,302111282214010,1984-12-09,61.82
Mogami_302111282214010,302111282214010,1984-12-10,67.95
Mogami_302111282214010,302111282214010,1984-12-11,57.57
Mogami_302111282214010,302111282214010,1984-12-12,62.43
Mogami_302111282214010,302111282214010,1984-12-13,64.6
Mogami_302111282214010,302111282214010,1984-12-14,68.12
Mogami_302111282214010,302111282214010,1984-12-15,90.84
Mogami_302111282214010,302111282214010,1984-12-16,86.39
Mogami_302111282214010,302111282214010,1984-12-17,81.19
Mogami_302111282214010,302111282214010,1984-12-18,83.21
Mogami_302111282214010,302111282214010,1984-12-19,96.04
Mogami_302111282214010,302111282214010,1984-12-20,92.9
Mogami_302111282214010,302111282214010,1984-12-21,86.01
Mogami_302111282214010,302111282214010,1984-12-22,113.89
Mogami_302111282214010,302111282214010,1984-12-23,94.57
Mogami_302111282214010,302111282214010,1984-12-24,87.42
Mogami_302111282214010,302111282214010,1984-12-25,88.84
Mogami_302111282214010,302111282214010,1984-12-26,87.53
Mogami_302111282214010,302111282214010,1984-12-27,79.6
Mogami_302111282214010,302111282214010,1984-12-28,75.88
Mogami_302111282214010,302111282214010,1984-12-29,77.08
Mogami_302111282214010,302111282214010,1984-12-30,74.67
Mogami_302111282214010,302111282214010,1984-12-31,70.01
